step,type,amount,nameOrig,oldbalanceOrg,newbalanceOrig,nameDest,oldbalanceDest,newbalanceDest,isFraud,isFlaggedFraud
1,TRANSFER,15418.75,G0_U0,9971.66,-5447.09,G0_U1,0.0,0.0,1,0
2,TRANSFER,10298.92,G0_U1,5712.41,-4586.51,G0_U2,0.0,0.0,1,0
3,TRANSFER,18578.61,G0_U2,10692.43,-7886.18,G0_U3,0.0,0.0,1,0
4,TRANSFER,16531.03,G0_U3,11745.7,-4785.33,G0_U4,0.0,0.0,1,0
5,TRANSFER,21338.05,G0_U4,12000.0,-9338.05,G0_U0,0.0,0.0,1,0
6,TRANSFER,17236.7,G1_U0,13086.13,-4150.57,G1_U1,0.0,0.0,1,0
7,TRANSFER,14189.16,G1_U1,14005.96,-183.2,G1_U2,0.0,0.0,1,0
8,TRANSFER,9962.6,G1_U2,13165.99,3203.39,G1_U3,0.0,0.0,1,0
9,TRANSFER,12674.56,G1_U3,14577.07,1902.51,G1_U4,0.0,0.0,1,0
10,TRANSFER,16177.92,G1_U4,12000.0,-4177.92,G1_U0,0.0,0.0,1,0
11,TRANSFER,13717.31,G2_U0,5910.33,-7806.98,G2_U1,0.0,0.0,1,0
12,TRANSFER,16508.86,G2_U1,12010.54,-4498.32,G2_U2,0.0,0.0,1,0
13,TRANSFER,14540.82,G2_U2,13446.64,-1094.18,G2_U3,0.0,0.0,1,0
14,TRANSFER,15979.37,G2_U3,6887.56,-9091.81,G2_U4,0.0,0.0,1,0
15,TRANSFER,19287.45,G2_U4,12000.0,-7287.45,G2_U0,0.0,0.0,1,0
16,TRANSFER,14825.14,G3_U0,5459.56,-9365.58,G3_U1,0.0,0.0,1,0
17,TRANSFER,11956.58,G3_U1,8063.23,-3893.35,G3_U2,0.0,0.0,1,0
18,TRANSFER,17673.47,G3_U2,10524.81,-7148.66,G3_U3,0.0,0.0,1,0
19,TRANSFER,10258.89,G3_U3,13464.92,3206.03,G3_U4,0.0,0.0,1,0
20,TRANSFER,23243.42,G3_U4,12000.0,-11243.42,G3_U0,0.0,0.0,1,0
21,TRANSFER,18800.0,G4_U0,5662.96,-13137.04,G4_U1,0.0,0.0,1,0
22,TRANSFER,18855.29,G4_U1,14454.63,-4400.66,G4_U2,0.0,0.0,1,0
23,TRANSFER,17837.02,G4_U2,6014.73,-11822.29,G4_U3,0.0,0.0,1,0
24,TRANSFER,18095.76,G4_U3,10614.51,-7481.25,G4_U4,0.0,0.0,1,0
25,TRANSFER,22346.2,G4_U4,12000.0,-10346.2,G4_U0,0.0,0.0,1,0
26,PAYMENT,3371.68,C1000,6634.62,3262.94,M1001,0.0,0.0,0,0
27,PAYMENT,3507.01,C1001,5987.66,2480.65,M1002,0.0,0.0,0,0
28,PAYMENT,3268.63,C1002,7181.57,3912.94,M1003,0.0,0.0,0,0
29,PAYMENT,656.3,C1003,6281.61,5625.31,M1004,0.0,0.0,0,0
30,PAYMENT,4642.27,C1004,7277.12,2634.85,M1005,0.0,0.0,0,0
31,PAYMENT,265.58,C1005,6774.1,6508.52,M1006,0.0,0.0,0,0
32,PAYMENT,3114.42,C1006,8110.52,4996.1,M1007,0.0,0.0,0,0
33,PAYMENT,3236.3,C1007,7434.37,4198.07,M1008,0.0,0.0,0,0
34,PAYMENT,3200.65,C1008,2975.11,-225.54,M1009,0.0,0.0,0,0
35,PAYMENT,3463.81,C1009,4956.58,1492.77,M1010,0.0,0.0,0,0
36,PAYMENT,4364.07,C1010,6562.74,2198.67,M1011,0.0,0.0,0,0
37,PAYMENT,661.81,C1011,5355.4,4693.59,M1012,0.0,0.0,0,0
38,PAYMENT,3508.6,C1012,7920.43,4411.83,M1013,0.0,0.0,0,0
39,PAYMENT,1556.88,C1013,3778.21,2221.33,M1014,0.0,0.0,0,0
40,PAYMENT,2563.3,C1014,4813.87,2250.57,M1015,0.0,0.0,0,0
41,PAYMENT,3887.54,C1015,9598.24,5710.7,M1016,0.0,0.0,0,0
42,PAYMENT,1838.47,C1016,2396.68,558.21,M1017,0.0,0.0,0,0
43,PAYMENT,2481.24,C1017,9958.32,7477.08,M1018,0.0,0.0,0,0
44,PAYMENT,1362.44,C1018,6253.48,4891.04,M1019,0.0,0.0,0,0
45,PAYMENT,3355.89,C1019,3513.11,157.22,M1020,0.0,0.0,0,0
46,PAYMENT,2396.92,C1020,6332.03,3935.11,M1021,0.0,0.0,0,0
47,PAYMENT,4912.83,C1021,9647.82,4734.99,M1022,0.0,0.0,0,0
48,PAYMENT,2193.43,C1022,7488.57,5295.14,M1023,0.0,0.0,0,0
49,PAYMENT,777.24,C1023,4365.75,3588.51,M1024,0.0,0.0,0,0
50,PAYMENT,1400.19,C1024,2598.59,1198.4,M1025,0.0,0.0,0,0
51,PAYMENT,3870.79,C1025,2841.8,-1028.99,M1026,0.0,0.0,0,0
52,PAYMENT,305.22,C1026,6759.91,6454.69,M1027,0.0,0.0,0,0
53,PAYMENT,2258.63,C1027,7998.38,5739.75,M1028,0.0,0.0,0,0
54,PAYMENT,1386.47,C1028,2898.01,1511.54,M1029,0.0,0.0,0,0
55,PAYMENT,1196.6,C1029,6344.32,5147.72,M1030,0.0,0.0,0,0
56,PAYMENT,3164.27,C1030,1339.9,-1824.37,M1031,0.0,0.0,0,0
57,PAYMENT,1464.12,C1031,9862.01,8397.89,M1032,0.0,0.0,0,0
58,PAYMENT,3471.51,C1032,5354.14,1882.63,M1033,0.0,0.0,0,0
59,PAYMENT,3072.39,C1033,7054.47,3982.08,M1034,0.0,0.0,0,0
60,PAYMENT,405.1,C1034,9297.74,8892.64,M1035,0.0,0.0,0,0
61,PAYMENT,4984.9,C1035,9636.79,4651.89,M1036,0.0,0.0,0,0
62,PAYMENT,4253.72,C1036,8165.34,3911.62,M1037,0.0,0.0,0,0
63,PAYMENT,1682.78,C1037,5771.8,4089.02,M1038,0.0,0.0,0,0
64,PAYMENT,4956.21,C1038,4037.99,-918.22,M1039,0.0,0.0,0,0
65,PAYMENT,1659.66,C1039,9762.15,8102.49,M1040,0.0,0.0,0,0
66,PAYMENT,2905.39,C1040,5859.38,2953.99,M1041,0.0,0.0,0,0
67,PAYMENT,586.25,C1041,2753.86,2167.61,M1042,0.0,0.0,0,0
68,PAYMENT,390.01,C1042,1788.22,1398.21,M1043,0.0,0.0,0,0
69,PAYMENT,4536.02,C1043,3815.85,-720.17,M1044,0.0,0.0,0,0
70,PAYMENT,813.06,C1044,5300.68,4487.62,M1045,0.0,0.0,0,0
71,PAYMENT,2153.73,C1045,1016.73,-1137.0,M1046,0.0,0.0,0,0
72,PAYMENT,1351.94,C1046,7004.03,5652.09,M1047,0.0,0.0,0,0
73,PAYMENT,640.28,C1047,8251.04,7610.76,M1048,0.0,0.0,0,0
74,PAYMENT,3770.14,C1048,9989.15,6219.01,M1049,0.0,0.0,0,0
75,PAYMENT,1934.04,C1049,2031.63,97.59,M1050,0.0,0.0,0,0
76,PAYMENT,886.97,C1050,4489.83,3602.86,M1051,0.0,0.0,0,0
77,PAYMENT,2061.67,C1051,4741.35,2679.68,M1052,0.0,0.0,0,0
78,PAYMENT,1529.72,C1052,9546.65,8016.93,M1053,0.0,0.0,0,0
79,PAYMENT,4036.98,C1053,2905.79,-1131.19,M1054,0.0,0.0,0,0
80,PAYMENT,2673.95,C1054,1695.13,-978.82,M1055,0.0,0.0,0,0
81,PAYMENT,379.4,C1055,5795.74,5416.34,M1056,0.0,0.0,0,0
82,PAYMENT,3305.06,C1056,5396.55,2091.49,M1057,0.0,0.0,0,0
83,PAYMENT,4181.52,C1057,7167.34,2985.82,M1058,0.0,0.0,0,0
84,PAYMENT,2658.16,C1058,7676.81,5018.65,M1059,0.0,0.0,0,0
85,PAYMENT,4188.09,C1059,5821.07,1632.98,M1060,0.0,0.0,0,0
86,PAYMENT,4053.98,C1060,7420.8,3366.82,M1061,0.0,0.0,0,0
87,PAYMENT,3878.4,C1061,3507.25,-371.15,M1062,0.0,0.0,0,0
88,PAYMENT,3936.88,C1062,9958.05,6021.17,M1063,0.0,0.0,0,0
89,PAYMENT,4262.18,C1063,4088.36,-173.82,M1064,0.0,0.0,0,0
90,PAYMENT,290.91,C1064,5952.06,5661.15,M1065,0.0,0.0,0,0
91,PAYMENT,1513.81,C1065,7635.25,6121.44,M1066,0.0,0.0,0,0
92,PAYMENT,3783.25,C1066,9494.98,5711.73,M1067,0.0,0.0,0,0
93,PAYMENT,4411.18,C1067,8333.28,3922.1,M1068,0.0,0.0,0,0
94,PAYMENT,398.18,C1068,2697.71,2299.53,M1069,0.0,0.0,0,0
95,PAYMENT,1836.71,C1069,3782.58,1945.87,M1070,0.0,0.0,0,0
96,PAYMENT,482.34,C1070,7576.53,7094.19,M1071,0.0,0.0,0,0
97,PAYMENT,1810.85,C1071,2780.75,969.9,M1072,0.0,0.0,0,0
98,PAYMENT,231.08,C1072,1670.35,1439.27,M1073,0.0,0.0,0,0
99,PAYMENT,1149.05,C1073,1427.13,278.08,M1074,0.0,0.0,0,0
100,PAYMENT,2531.32,C1074,9965.25,7433.93,M1075,0.0,0.0,0,0
101,PAYMENT,3111.89,C1075,7555.76,4443.87,M1076,0.0,0.0,0,0
102,PAYMENT,2612.41,C1076,7626.08,5013.67,M1077,0.0,0.0,0,0
103,PAYMENT,2070.97,C1077,4650.73,2579.76,M1078,0.0,0.0,0,0
104,PAYMENT,3685.78,C1078,2281.02,-1404.76,M1079,0.0,0.0,0,0
105,PAYMENT,2291.78,C1079,7396.44,5104.66,M1080,0.0,0.0,0,0
106,PAYMENT,1160.27,C1080,4321.52,3161.25,M1081,0.0,0.0,0,0
107,PAYMENT,1148.23,C1081,7023.85,5875.62,M1082,0.0,0.0,0,0
108,PAYMENT,2151.3,C1082,4169.73,2018.43,M1083,0.0,0.0,0,0
109,PAYMENT,1258.34,C1083,4043.87,2785.53,M1084,0.0,0.0,0,0
110,PAYMENT,3403.14,C1084,3756.1,352.96,M1085,0.0,0.0,0,0
111,PAYMENT,534.99,C1085,8707.74,8172.75,M1086,0.0,0.0,0,0
112,PAYMENT,3901.47,C1086,4468.47,567.0,M1087,0.0,0.0,0,0
113,PAYMENT,2490.31,C1087,6357.1,3866.79,M1088,0.0,0.0,0,0
114,PAYMENT,4042.72,C1088,9775.6,5732.88,M1089,0.0,0.0,0,0
115,PAYMENT,4828.46,C1089,6673.86,1845.4,M1090,0.0,0.0,0,0
116,PAYMENT,4283.47,C1090,2114.13,-2169.34,M1091,0.0,0.0,0,0
117,PAYMENT,2742.17,C1091,4554.78,1812.61,M1092,0.0,0.0,0,0
118,PAYMENT,1762.04,C1092,1918.17,156.13,M1093,0.0,0.0,0,0
119,PAYMENT,3624.33,C1093,7195.21,3570.88,M1094,0.0,0.0,0,0
120,PAYMENT,3638.66,C1094,7045.26,3406.6,M1095,0.0,0.0,0,0
121,PAYMENT,2574.08,C1095,6305.18,3731.1,M1096,0.0,0.0,0,0
122,PAYMENT,3210.8,C1096,5384.78,2173.98,M1097,0.0,0.0,0,0
123,PAYMENT,3013.52,C1097,2365.76,-647.76,M1098,0.0,0.0,0,0
124,PAYMENT,2715.06,C1098,9420.84,6705.78,M1099,0.0,0.0,0,0
125,PAYMENT,858.94,C1099,8003.02,7144.08,M1100,0.0,0.0,0,0
126,PAYMENT,1807.08,C1100,5825.55,4018.47,M1101,0.0,0.0,0,0
127,PAYMENT,4242.05,C1101,6235.72,1993.67,M1102,0.0,0.0,0,0
128,PAYMENT,1953.99,C1102,6672.94,4718.95,M1103,0.0,0.0,0,0
129,PAYMENT,1384.42,C1103,5686.09,4301.67,M1104,0.0,0.0,0,0
130,PAYMENT,4939.66,C1104,1674.86,-3264.8,M1105,0.0,0.0,0,0
131,PAYMENT,1954.38,C1105,9743.05,7788.67,M1106,0.0,0.0,0,0
132,PAYMENT,4539.91,C1106,2447.3,-2092.61,M1107,0.0,0.0,0,0
133,PAYMENT,932.4,C1107,2385.33,1452.93,M1108,0.0,0.0,0,0
134,PAYMENT,114.15,C1108,9465.23,9351.08,M1109,0.0,0.0,0,0
135,PAYMENT,1218.8,C1109,1268.99,50.19,M1110,0.0,0.0,0,0
136,PAYMENT,2480.86,C1110,1200.64,-1280.22,M1111,0.0,0.0,0,0
137,PAYMENT,1798.66,C1111,2766.23,967.57,M1112,0.0,0.0,0,0
138,PAYMENT,849.56,C1112,9688.23,8838.67,M1113,0.0,0.0,0,0
139,PAYMENT,1167.99,C1113,1345.88,177.89,M1114,0.0,0.0,0,0
140,PAYMENT,3614.99,C1114,1803.02,-1811.97,M1115,0.0,0.0,0,0
141,PAYMENT,4858.75,C1115,1214.29,-3644.46,M1116,0.0,0.0,0,0
142,PAYMENT,2388.75,C1116,6379.29,3990.54,M1117,0.0,0.0,0,0
143,PAYMENT,4815.91,C1117,3107.36,-1708.55,M1118,0.0,0.0,0,0
144,PAYMENT,4819.48,C1118,8300.71,3481.23,M1119,0.0,0.0,0,0
145,PAYMENT,973.92,C1119,1517.41,543.49,M1120,0.0,0.0,0,0
146,PAYMENT,1713.19,C1120,7233.74,5520.55,M1121,0.0,0.0,0,0
147,PAYMENT,194.6,C1121,6556.94,6362.34,M1122,0.0,0.0,0,0
148,PAYMENT,2425.89,C1122,9573.47,7147.58,M1123,0.0,0.0,0,0
149,PAYMENT,901.08,C1123,6183.91,5282.83,M1124,0.0,0.0,0,0
150,PAYMENT,661.59,C1124,6489.24,5827.65,M1125,0.0,0.0,0,0
151,PAYMENT,567.64,C1125,1867.03,1299.39,M1126,0.0,0.0,0,0
152,PAYMENT,2645.16,C1126,9894.63,7249.47,M1127,0.0,0.0,0,0
153,PAYMENT,4122.2,C1127,2467.05,-1655.15,M1128,0.0,0.0,0,0
154,PAYMENT,2351.73,C1128,7527.0,5175.27,M1129,0.0,0.0,0,0
155,PAYMENT,3325.84,C1129,9191.43,5865.59,M1130,0.0,0.0,0,0
156,PAYMENT,2003.61,C1130,8012.02,6008.41,M1131,0.0,0.0,0,0
157,PAYMENT,2633.52,C1131,7943.32,5309.8,M1132,0.0,0.0,0,0
158,PAYMENT,635.83,C1132,1733.67,1097.84,M1133,0.0,0.0,0,0
159,PAYMENT,2616.68,C1133,9862.24,7245.56,M1134,0.0,0.0,0,0
160,PAYMENT,2627.04,C1134,9555.44,6928.4,M1135,0.0,0.0,0,0
161,PAYMENT,779.41,C1135,9975.25,9195.84,M1136,0.0,0.0,0,0
162,PAYMENT,4838.83,C1136,6830.53,1991.7,M1137,0.0,0.0,0,0
163,PAYMENT,3607.29,C1137,5839.88,2232.59,M1138,0.0,0.0,0,0
164,PAYMENT,4355.65,C1138,2415.64,-1940.01,M1139,0.0,0.0,0,0
165,PAYMENT,4268.8,C1139,1273.68,-2995.12,M1140,0.0,0.0,0,0
166,PAYMENT,4227.96,C1140,3398.03,-829.93,M1141,0.0,0.0,0,0
167,PAYMENT,2997.01,C1141,8595.41,5598.4,M1142,0.0,0.0,0,0
168,PAYMENT,3716.45,C1142,3387.81,-328.64,M1143,0.0,0.0,0,0
169,PAYMENT,1644.18,C1143,3238.38,1594.2,M1144,0.0,0.0,0,0
170,PAYMENT,1019.17,C1144,1270.11,250.94,M1145,0.0,0.0,0,0
171,PAYMENT,143.39,C1145,9797.3,9653.91,M1146,0.0,0.0,0,0
172,PAYMENT,4399.69,C1146,6518.63,2118.94,M1147,0.0,0.0,0,0
173,PAYMENT,1511.9,C1147,2257.96,746.06,M1148,0.0,0.0,0,0
174,PAYMENT,430.37,C1148,1791.1,1360.73,M1149,0.0,0.0,0,0
175,PAYMENT,2796.45,C1149,7776.28,4979.83,M1150,0.0,0.0,0,0
176,PAYMENT,2652.28,C1150,4954.76,2302.48,M1151,0.0,0.0,0,0
177,PAYMENT,547.45,C1151,5439.21,4891.76,M1152,0.0,0.0,0,0
178,PAYMENT,4732.56,C1152,5645.04,912.48,M1153,0.0,0.0,0,0
179,PAYMENT,3237.69,C1153,2453.54,-784.15,M1154,0.0,0.0,0,0
180,PAYMENT,3511.07,C1154,7122.92,3611.85,M1155,0.0,0.0,0,0
181,PAYMENT,2958.53,C1155,4178.09,1219.56,M1156,0.0,0.0,0,0
182,PAYMENT,4926.03,C1156,9322.75,4396.72,M1157,0.0,0.0,0,0
183,PAYMENT,774.85,C1157,4625.05,3850.2,M1158,0.0,0.0,0,0
184,PAYMENT,422.94,C1158,3556.82,3133.88,M1159,0.0,0.0,0,0
185,PAYMENT,1420.67,C1159,6416.21,4995.54,M1160,0.0,0.0,0,0
186,PAYMENT,3279.32,C1160,5061.72,1782.4,M1161,0.0,0.0,0,0
187,PAYMENT,736.06,C1161,8768.84,8032.78,M1162,0.0,0.0,0,0
188,PAYMENT,4115.37,C1162,1685.34,-2430.03,M1163,0.0,0.0,0,0
189,PAYMENT,3440.76,C1163,3699.54,258.78,M1164,0.0,0.0,0,0
190,PAYMENT,2395.25,C1164,3923.11,1527.86,M1165,0.0,0.0,0,0
191,PAYMENT,2996.34,C1165,3221.18,224.84,M1166,0.0,0.0,0,0
192,PAYMENT,1898.94,C1166,8899.52,7000.58,M1167,0.0,0.0,0,0
193,PAYMENT,3846.68,C1167,1911.16,-1935.52,M1168,0.0,0.0,0,0
194,PAYMENT,1702.09,C1168,5794.18,4092.09,M1169,0.0,0.0,0,0
195,PAYMENT,848.54,C1169,1980.78,1132.24,M1170,0.0,0.0,0,0
196,PAYMENT,2359.25,C1170,3471.84,1112.59,M1171,0.0,0.0,0,0
197,PAYMENT,1057.26,C1171,2726.73,1669.47,M1172,0.0,0.0,0,0
198,PAYMENT,3994.61,C1172,4833.45,838.84,M1173,0.0,0.0,0,0
199,PAYMENT,2207.6,C1173,7483.48,5275.88,M1174,0.0,0.0,0,0
200,PAYMENT,4499.83,C1174,8298.81,3798.98,M1175,0.0,0.0,0,0
201,PAYMENT,3126.79,C1175,7557.68,4430.89,M1176,0.0,0.0,0,0
202,PAYMENT,3296.57,C1176,5568.85,2272.28,M1177,0.0,0.0,0,0
203,PAYMENT,3518.59,C1177,1985.34,-1533.25,M1178,0.0,0.0,0,0
204,PAYMENT,920.35,C1178,3178.41,2258.06,M1179,0.0,0.0,0,0
205,PAYMENT,2287.3,C1179,9333.0,7045.7,M1180,0.0,0.0,0,0
206,PAYMENT,2557.09,C1180,6084.02,3526.93,M1181,0.0,0.0,0,0
207,PAYMENT,1639.69,C1181,7142.95,5503.26,M1182,0.0,0.0,0,0
208,PAYMENT,3629.31,C1182,8287.41,4658.1,M1183,0.0,0.0,0,0
209,PAYMENT,3289.47,C1183,2648.7,-640.77,M1184,0.0,0.0,0,0
210,PAYMENT,3995.6,C1184,3431.92,-563.68,M1185,0.0,0.0,0,0
211,PAYMENT,1905.29,C1185,7178.81,5273.52,M1186,0.0,0.0,0,0
212,PAYMENT,2169.3,C1186,4366.22,2196.92,M1187,0.0,0.0,0,0
213,PAYMENT,1064.1,C1187,8018.06,6953.96,M1188,0.0,0.0,0,0
214,PAYMENT,3519.93,C1188,8132.97,4613.04,M1189,0.0,0.0,0,0
215,PAYMENT,4011.0,C1189,7409.02,3398.02,M1190,0.0,0.0,0,0
216,PAYMENT,2023.54,C1190,9122.41,7098.87,M1191,0.0,0.0,0,0
217,PAYMENT,3067.58,C1191,1629.5,-1438.08,M1192,0.0,0.0,0,0
218,PAYMENT,2509.68,C1192,8667.39,6157.71,M1193,0.0,0.0,0,0
219,PAYMENT,3101.69,C1193,2672.99,-428.7,M1194,0.0,0.0,0,0
220,PAYMENT,3399.9,C1194,7157.52,3757.62,M1195,0.0,0.0,0,0
221,PAYMENT,1573.39,C1195,7721.87,6148.48,M1196,0.0,0.0,0,0
222,PAYMENT,3720.2,C1196,5489.21,1769.01,M1197,0.0,0.0,0,0
223,PAYMENT,1284.24,C1197,9506.77,8222.53,M1198,0.0,0.0,0,0
224,PAYMENT,1448.97,C1198,7843.35,6394.38,M1199,0.0,0.0,0,0
225,PAYMENT,3963.74,C1199,9644.83,5681.09,M1200,0.0,0.0,0,0
226,PAYMENT,1235.36,C1200,7181.56,5946.2,M1201,0.0,0.0,0,0
227,PAYMENT,3892.5,C1201,3294.29,-598.21,M1202,0.0,0.0,0,0
228,PAYMENT,3329.24,C1202,1223.5,-2105.74,M1203,0.0,0.0,0,0
229,PAYMENT,3088.75,C1203,9900.12,6811.37,M1204,0.0,0.0,0,0
230,PAYMENT,4845.65,C1204,4571.16,-274.49,M1205,0.0,0.0,0,0
231,PAYMENT,1680.21,C1205,6216.18,4535.97,M1206,0.0,0.0,0,0
232,PAYMENT,2407.39,C1206,2009.33,-398.06,M1207,0.0,0.0,0,0
233,PAYMENT,3485.1,C1207,3980.14,495.04,M1208,0.0,0.0,0,0
234,PAYMENT,4644.99,C1208,2623.45,-2021.54,M1209,0.0,0.0,0,0
235,PAYMENT,1305.47,C1209,5682.08,4376.61,M1210,0.0,0.0,0,0
236,PAYMENT,2587.94,C1210,4015.82,1427.88,M1211,0.0,0.0,0,0
237,PAYMENT,797.25,C1211,4320.21,3522.96,M1212,0.0,0.0,0,0
238,PAYMENT,622.63,C1212,3913.95,3291.32,M1213,0.0,0.0,0,0
239,PAYMENT,735.55,C1213,6772.42,6036.87,M1214,0.0,0.0,0,0
240,PAYMENT,3562.94,C1214,5480.89,1917.95,M1215,0.0,0.0,0,0
241,PAYMENT,4537.76,C1215,7663.24,3125.48,M1216,0.0,0.0,0,0
242,PAYMENT,3165.92,C1216,2118.83,-1047.09,M1217,0.0,0.0,0,0
243,PAYMENT,3455.61,C1217,3103.3,-352.31,M1218,0.0,0.0,0,0
244,PAYMENT,2258.86,C1218,5381.71,3122.85,M1219,0.0,0.0,0,0
245,PAYMENT,419.02,C1219,9753.4,9334.38,M1220,0.0,0.0,0,0
246,PAYMENT,2221.47,C1220,7562.77,5341.3,M1221,0.0,0.0,0,0
247,PAYMENT,500.01,C1221,8962.18,8462.17,M1222,0.0,0.0,0,0
248,PAYMENT,2496.34,C1222,7794.78,5298.44,M1223,0.0,0.0,0,0
249,PAYMENT,1575.81,C1223,9061.29,7485.48,M1224,0.0,0.0,0,0
250,PAYMENT,2015.72,C1224,8160.98,6145.26,M1225,0.0,0.0,0,0
251,PAYMENT,3070.26,C1225,1895.37,-1174.89,M1226,0.0,0.0,0,0
252,PAYMENT,1633.11,C1226,4437.43,2804.32,M1227,0.0,0.0,0,0
253,PAYMENT,4600.32,C1227,7839.05,3238.73,M1228,0.0,0.0,0,0
254,PAYMENT,3249.54,C1228,5430.43,2180.89,M1229,0.0,0.0,0,0
255,PAYMENT,2872.46,C1229,7015.7,4143.24,M1230,0.0,0.0,0,0
256,PAYMENT,804.12,C1230,9596.7,8792.58,M1231,0.0,0.0,0,0
257,PAYMENT,387.67,C1231,4403.08,4015.41,M1232,0.0,0.0,0,0
258,PAYMENT,835.07,C1232,5942.43,5107.36,M1233,0.0,0.0,0,0
259,PAYMENT,1586.97,C1233,1560.79,-26.18,M1234,0.0,0.0,0,0
260,PAYMENT,448.25,C1234,2604.0,2155.75,M1235,0.0,0.0,0,0
261,PAYMENT,3915.83,C1235,1826.27,-2089.56,M1236,0.0,0.0,0,0
262,PAYMENT,4942.26,C1236,9424.64,4482.38,M1237,0.0,0.0,0,0
263,PAYMENT,608.83,C1237,9316.59,8707.76,M1238,0.0,0.0,0,0
264,PAYMENT,2347.39,C1238,6586.13,4238.74,M1239,0.0,0.0,0,0
265,PAYMENT,4215.44,C1239,9491.86,5276.42,M1240,0.0,0.0,0,0
266,PAYMENT,2399.25,C1240,9795.49,7396.24,M1241,0.0,0.0,0,0
267,PAYMENT,2667.82,C1241,3576.76,908.94,M1242,0.0,0.0,0,0
268,PAYMENT,3021.54,C1242,1513.54,-1508.0,M1243,0.0,0.0,0,0
269,PAYMENT,4796.13,C1243,6550.98,1754.85,M1244,0.0,0.0,0,0
270,PAYMENT,979.36,C1244,2383.59,1404.23,M1245,0.0,0.0,0,0
271,PAYMENT,142.75,C1245,9953.63,9810.88,M1246,0.0,0.0,0,0
272,PAYMENT,3789.51,C1246,7152.68,3363.17,M1247,0.0,0.0,0,0
273,PAYMENT,3883.97,C1247,9134.08,5250.11,M1248,0.0,0.0,0,0
274,PAYMENT,4398.82,C1248,8149.81,3750.99,M1249,0.0,0.0,0,0
275,PAYMENT,4439.94,C1249,3512.68,-927.26,M1250,0.0,0.0,0,0
276,PAYMENT,105.02,C1250,3861.12,3756.1,M1251,0.0,0.0,0,0
277,PAYMENT,4513.07,C1251,9033.21,4520.14,M1252,0.0,0.0,0,0
278,PAYMENT,1433.23,C1252,3256.73,1823.5,M1253,0.0,0.0,0,0
279,PAYMENT,3691.8,C1253,8086.55,4394.75,M1254,0.0,0.0,0,0
280,PAYMENT,4711.41,C1254,3172.44,-1538.97,M1255,0.0,0.0,0,0
281,PAYMENT,3819.83,C1255,8683.81,4863.98,M1256,0.0,0.0,0,0
282,PAYMENT,1065.92,C1256,3253.42,2187.5,M1257,0.0,0.0,0,0
283,PAYMENT,1715.87,C1257,2177.5,461.63,M1258,0.0,0.0,0,0
284,PAYMENT,2526.94,C1258,1603.33,-923.61,M1259,0.0,0.0,0,0
285,PAYMENT,4687.57,C1259,9810.37,5122.8,M1260,0.0,0.0,0,0
286,PAYMENT,202.08,C1260,2533.0,2330.92,M1261,0.0,0.0,0,0
287,PAYMENT,1036.05,C1261,5152.74,4116.69,M1262,0.0,0.0,0,0
288,PAYMENT,4153.35,C1262,9175.01,5021.66,M1263,0.0,0.0,0,0
289,PAYMENT,2696.95,C1263,2133.89,-563.06,M1264,0.0,0.0,0,0
290,PAYMENT,3192.8,C1264,3363.46,170.66,M1265,0.0,0.0,0,0
291,PAYMENT,817.92,C1265,9994.24,9176.32,M1266,0.0,0.0,0,0
292,PAYMENT,3804.87,C1266,6862.45,3057.58,M1267,0.0,0.0,0,0
293,PAYMENT,3203.39,C1267,8357.8,5154.41,M1268,0.0,0.0,0,0
294,PAYMENT,4066.7,C1268,2045.21,-2021.49,M1269,0.0,0.0,0,0
295,PAYMENT,4251.64,C1269,6484.78,2233.14,M1270,0.0,0.0,0,0
296,PAYMENT,4504.53,C1270,3533.73,-970.8,M1271,0.0,0.0,0,0
297,PAYMENT,2046.8,C1271,1929.16,-117.64,M1272,0.0,0.0,0,0
298,PAYMENT,3872.9,C1272,1937.17,-1935.73,M1273,0.0,0.0,0,0
299,PAYMENT,4190.36,C1273,5498.61,1308.25,M1274,0.0,0.0,0,0
300,PAYMENT,2519.89,C1274,7869.93,5350.04,M1275,0.0,0.0,0,0
301,PAYMENT,4546.71,C1275,3332.38,-1214.33,M1276,0.0,0.0,0,0
302,PAYMENT,4038.23,C1276,9567.12,5528.89,M1277,0.0,0.0,0,0
303,PAYMENT,382.21,C1277,3753.18,3370.97,M1278,0.0,0.0,0,0
304,PAYMENT,608.24,C1278,3533.7,2925.46,M1279,0.0,0.0,0,0
305,PAYMENT,984.25,C1279,5292.93,4308.68,M1280,0.0,0.0,0,0
306,PAYMENT,3583.38,C1280,2238.65,-1344.73,M1281,0.0,0.0,0,0
307,PAYMENT,967.71,C1281,3952.75,2985.04,M1282,0.0,0.0,0,0
308,PAYMENT,4159.04,C1282,2338.31,-1820.73,M1283,0.0,0.0,0,0
309,PAYMENT,2346.89,C1283,4662.62,2315.73,M1284,0.0,0.0,0,0
310,PAYMENT,1834.84,C1284,2689.3,854.46,M1285,0.0,0.0,0,0
311,PAYMENT,3052.81,C1285,1026.35,-2026.46,M1286,0.0,0.0,0,0
312,PAYMENT,4526.97,C1286,3499.36,-1027.61,M1287,0.0,0.0,0,0
313,PAYMENT,4077.73,C1287,2287.67,-1790.06,M1288,0.0,0.0,0,0
314,PAYMENT,3599.38,C1288,6041.28,2441.9,M1289,0.0,0.0,0,0
315,PAYMENT,4069.79,C1289,5241.08,1171.29,M1290,0.0,0.0,0,0
316,PAYMENT,3088.83,C1290,9215.29,6126.46,M1291,0.0,0.0,0,0
317,PAYMENT,1930.43,C1291,5769.2,3838.77,M1292,0.0,0.0,0,0
318,PAYMENT,680.07,C1292,9621.73,8941.66,M1293,0.0,0.0,0,0
319,PAYMENT,636.5,C1293,5275.17,4638.67,M1294,0.0,0.0,0,0
320,PAYMENT,716.75,C1294,8306.71,7589.96,M1295,0.0,0.0,0,0
321,PAYMENT,2239.72,C1295,7619.74,5380.02,M1296,0.0,0.0,0,0
322,PAYMENT,1357.74,C1296,7116.9,5759.16,M1297,0.0,0.0,0,0
323,PAYMENT,4377.77,C1297,6488.29,2110.52,M1298,0.0,0.0,0,0
324,PAYMENT,1963.17,C1298,5720.22,3757.05,M1299,0.0,0.0,0,0
325,PAYMENT,3780.96,C1299,9267.75,5486.79,M1300,0.0,0.0,0,0
326,PAYMENT,3532.95,C1300,4344.86,811.91,M1301,0.0,0.0,0,0
327,PAYMENT,3574.42,C1301,1105.04,-2469.38,M1302,0.0,0.0,0,0
328,PAYMENT,4511.87,C1302,2280.38,-2231.49,M1303,0.0,0.0,0,0
329,PAYMENT,883.83,C1303,4527.97,3644.14,M1304,0.0,0.0,0,0
330,PAYMENT,4210.56,C1304,4018.58,-191.98,M1305,0.0,0.0,0,0
331,PAYMENT,545.18,C1305,3880.72,3335.54,M1306,0.0,0.0,0,0
332,PAYMENT,3387.13,C1306,2215.61,-1171.52,M1307,0.0,0.0,0,0
333,PAYMENT,4024.9,C1307,9647.59,5622.69,M1308,0.0,0.0,0,0
334,PAYMENT,2067.24,C1308,7458.19,5390.95,M1309,0.0,0.0,0,0
335,PAYMENT,2106.5,C1309,6900.15,4793.65,M1310,0.0,0.0,0,0
336,PAYMENT,3714.87,C1310,5148.75,1433.88,M1311,0.0,0.0,0,0
337,PAYMENT,4352.58,C1311,2471.51,-1881.07,M1312,0.0,0.0,0,0
338,PAYMENT,1391.56,C1312,5480.17,4088.61,M1313,0.0,0.0,0,0
339,PAYMENT,3649.41,C1313,1262.78,-2386.63,M1314,0.0,0.0,0,0
340,PAYMENT,3093.38,C1314,6469.96,3376.58,M1315,0.0,0.0,0,0
341,PAYMENT,664.61,C1315,4838.23,4173.62,M1316,0.0,0.0,0,0
342,PAYMENT,527.01,C1316,4998.37,4471.36,M1317,0.0,0.0,0,0
343,PAYMENT,3683.67,C1317,6256.31,2572.64,M1318,0.0,0.0,0,0
344,PAYMENT,1945.89,C1318,9991.68,8045.79,M1319,0.0,0.0,0,0
345,PAYMENT,4831.24,C1319,9060.95,4229.71,M1320,0.0,0.0,0,0
346,PAYMENT,3810.06,C1320,6623.85,2813.79,M1321,0.0,0.0,0,0
347,PAYMENT,4743.15,C1321,7262.21,2519.06,M1322,0.0,0.0,0,0
348,PAYMENT,1576.47,C1322,5946.47,4370.0,M1323,0.0,0.0,0,0
349,PAYMENT,3423.78,C1323,9582.59,6158.81,M1324,0.0,0.0,0,0
350,PAYMENT,464.8,C1324,5895.14,5430.34,M1325,0.0,0.0,0,0
351,PAYMENT,879.61,C1325,8688.13,7808.52,M1326,0.0,0.0,0,0
352,PAYMENT,4692.44,C1326,7937.06,3244.62,M1327,0.0,0.0,0,0
353,PAYMENT,3408.1,C1327,6003.23,2595.13,M1328,0.0,0.0,0,0
354,PAYMENT,4368.9,C1328,2877.78,-1491.12,M1329,0.0,0.0,0,0
355,PAYMENT,243.75,C1329,9216.93,8973.18,M1330,0.0,0.0,0,0
356,PAYMENT,3818.93,C1330,6741.79,2922.86,M1331,0.0,0.0,0,0
357,PAYMENT,2740.38,C1331,1554.46,-1185.92,M1332,0.0,0.0,0,0
358,PAYMENT,3892.14,C1332,4104.58,212.44,M1333,0.0,0.0,0,0
359,PAYMENT,1294.34,C1333,8987.19,7692.85,M1334,0.0,0.0,0,0
360,PAYMENT,2808.07,C1334,1502.8,-1305.27,M1335,0.0,0.0,0,0
361,PAYMENT,4152.13,C1335,2742.02,-1410.11,M1336,0.0,0.0,0,0
362,PAYMENT,1234.31,C1336,1571.94,337.63,M1337,0.0,0.0,0,0
363,PAYMENT,4065.01,C1337,2344.11,-1720.9,M1338,0.0,0.0,0,0
364,PAYMENT,1022.79,C1338,4250.08,3227.29,M1339,0.0,0.0,0,0
365,PAYMENT,174.93,C1339,7288.24,7113.31,M1340,0.0,0.0,0,0
366,PAYMENT,3566.7,C1340,7185.29,3618.59,M1341,0.0,0.0,0,0
367,PAYMENT,3319.32,C1341,4258.48,939.16,M1342,0.0,0.0,0,0
368,PAYMENT,3074.77,C1342,5873.98,2799.21,M1343,0.0,0.0,0,0
369,PAYMENT,1716.72,C1343,6861.07,5144.35,M1344,0.0,0.0,0,0
370,PAYMENT,3862.96,C1344,7729.68,3866.72,M1345,0.0,0.0,0,0
371,PAYMENT,4079.89,C1345,6845.63,2765.74,M1346,0.0,0.0,0,0
372,PAYMENT,2950.89,C1346,3016.66,65.77,M1347,0.0,0.0,0,0
373,PAYMENT,202.79,C1347,7282.39,7079.6,M1348,0.0,0.0,0,0
374,PAYMENT,1604.08,C1348,6015.62,4411.54,M1349,0.0,0.0,0,0
375,PAYMENT,3499.93,C1349,2460.22,-1039.71,M1350,0.0,0.0,0,0
376,PAYMENT,2514.86,C1350,4902.18,2387.32,M1351,0.0,0.0,0,0
377,PAYMENT,3949.16,C1351,1947.04,-2002.12,M1352,0.0,0.0,0,0
378,PAYMENT,2177.26,C1352,2955.93,778.67,M1353,0.0,0.0,0,0
379,PAYMENT,3571.45,C1353,5968.19,2396.74,M1354,0.0,0.0,0,0
380,PAYMENT,1963.13,C1354,1489.59,-473.54,M1355,0.0,0.0,0,0
381,PAYMENT,3888.79,C1355,6305.46,2416.67,M1356,0.0,0.0,0,0
382,PAYMENT,2655.23,C1356,6631.11,3975.88,M1357,0.0,0.0,0,0
383,PAYMENT,4700.78,C1357,3847.95,-852.83,M1358,0.0,0.0,0,0
384,PAYMENT,4078.76,C1358,2008.43,-2070.33,M1359,0.0,0.0,0,0
385,PAYMENT,1908.91,C1359,6835.05,4926.14,M1360,0.0,0.0,0,0
386,PAYMENT,2546.72,C1360,9594.47,7047.75,M1361,0.0,0.0,0,0
387,PAYMENT,1948.5,C1361,6593.61,4645.11,M1362,0.0,0.0,0,0
388,PAYMENT,866.35,C1362,5266.94,4400.59,M1363,0.0,0.0,0,0
389,PAYMENT,1891.48,C1363,6279.12,4387.64,M1364,0.0,0.0,0,0
390,PAYMENT,190.22,C1364,1677.02,1486.8,M1365,0.0,0.0,0,0
391,PAYMENT,496.69,C1365,7609.24,7112.55,M1366,0.0,0.0,0,0
392,PAYMENT,2082.79,C1366,7270.56,5187.77,M1367,0.0,0.0,0,0
393,PAYMENT,1421.02,C1367,2194.78,773.76,M1368,0.0,0.0,0,0
394,PAYMENT,162.4,C1368,4476.04,4313.64,M1369,0.0,0.0,0,0
395,PAYMENT,3254.29,C1369,2104.0,-1150.29,M1370,0.0,0.0,0,0
396,PAYMENT,321.34,C1370,1229.57,908.23,M1371,0.0,0.0,0,0
397,PAYMENT,1709.58,C1371,1536.76,-172.82,M1372,0.0,0.0,0,0
398,PAYMENT,1873.98,C1372,2675.12,801.14,M1373,0.0,0.0,0,0
399,PAYMENT,2244.16,C1373,6459.06,4214.9,M1374,0.0,0.0,0,0
400,PAYMENT,4423.12,C1374,8837.99,4414.87,M1375,0.0,0.0,0,0
401,PAYMENT,4376.04,C1375,9958.65,5582.61,M1376,0.0,0.0,0,0
402,PAYMENT,4760.42,C1376,6340.76,1580.34,M1377,0.0,0.0,0,0
403,PAYMENT,3972.34,C1377,2884.3,-1088.04,M1378,0.0,0.0,0,0
404,PAYMENT,1462.47,C1378,9196.48,7734.01,M1379,0.0,0.0,0,0
405,PAYMENT,379.8,C1379,2956.63,2576.83,M1380,0.0,0.0,0,0
406,PAYMENT,1844.41,C1380,3244.4,1399.99,M1381,0.0,0.0,0,0
407,PAYMENT,557.31,C1381,1010.77,453.46,M1382,0.0,0.0,0,0
408,PAYMENT,1210.94,C1382,5856.09,4645.15,M1383,0.0,0.0,0,0
409,PAYMENT,463.77,C1383,5926.6,5462.83,M1384,0.0,0.0,0,0
410,PAYMENT,4346.37,C1384,4438.37,92.0,M1385,0.0,0.0,0,0
411,PAYMENT,4923.53,C1385,7081.28,2157.75,M1386,0.0,0.0,0,0
412,PAYMENT,1148.09,C1386,2902.59,1754.5,M1387,0.0,0.0,0,0
413,PAYMENT,1702.32,C1387,3672.55,1970.23,M1388,0.0,0.0,0,0
414,PAYMENT,2786.99,C1388,3350.98,563.99,M1389,0.0,0.0,0,0
415,PAYMENT,4842.67,C1389,1830.58,-3012.09,M1390,0.0,0.0,0,0
416,PAYMENT,790.91,C1390,5445.06,4654.15,M1391,0.0,0.0,0,0
417,PAYMENT,4102.28,C1391,1752.87,-2349.41,M1392,0.0,0.0,0,0
418,PAYMENT,4666.54,C1392,2430.07,-2236.47,M1393,0.0,0.0,0,0
419,PAYMENT,4079.85,C1393,7731.97,3652.12,M1394,0.0,0.0,0,0
420,PAYMENT,667.61,C1394,7179.04,6511.43,M1395,0.0,0.0,0,0
421,PAYMENT,4458.78,C1395,4190.27,-268.51,M1396,0.0,0.0,0,0
422,PAYMENT,2739.6,C1396,5510.95,2771.35,M1397,0.0,0.0,0,0
423,PAYMENT,2664.56,C1397,8017.96,5353.4,M1398,0.0,0.0,0,0
424,PAYMENT,1495.3,C1398,8070.71,6575.41,M1399,0.0,0.0,0,0
425,PAYMENT,1439.81,C1399,2066.17,626.36,M1400,0.0,0.0,0,0
426,PAYMENT,2287.02,C1400,6778.48,4491.46,M1401,0.0,0.0,0,0
427,PAYMENT,1488.61,C1401,7662.14,6173.53,M1402,0.0,0.0,0,0
428,PAYMENT,2553.8,C1402,9763.5,7209.7,M1403,0.0,0.0,0,0
429,PAYMENT,3765.32,C1403,5359.69,1594.37,M1404,0.0,0.0,0,0
430,PAYMENT,829.23,C1404,3360.08,2530.85,M1405,0.0,0.0,0,0
431,PAYMENT,4218.9,C1405,6662.29,2443.39,M1406,0.0,0.0,0,0
432,PAYMENT,1566.34,C1406,1366.43,-199.91,M1407,0.0,0.0,0,0
433,PAYMENT,1342.37,C1407,2102.75,760.38,M1408,0.0,0.0,0,0
434,PAYMENT,921.07,C1408,8622.12,7701.05,M1409,0.0,0.0,0,0
435,PAYMENT,3485.55,C1409,3699.4,213.85,M1410,0.0,0.0,0,0
436,PAYMENT,1393.69,C1410,1073.83,-319.86,M1411,0.0,0.0,0,0
437,PAYMENT,2487.64,C1411,4925.72,2438.08,M1412,0.0,0.0,0,0
438,PAYMENT,4369.74,C1412,4634.92,265.18,M1413,0.0,0.0,0,0
439,PAYMENT,3739.91,C1413,2588.96,-1150.95,M1414,0.0,0.0,0,0
440,PAYMENT,3142.67,C1414,3687.61,544.94,M1415,0.0,0.0,0,0
441,PAYMENT,4418.55,C1415,4419.21,0.66,M1416,0.0,0.0,0,0
442,PAYMENT,2427.36,C1416,1086.54,-1340.82,M1417,0.0,0.0,0,0
443,PAYMENT,4614.31,C1417,8983.65,4369.34,M1418,0.0,0.0,0,0
444,PAYMENT,3878.38,C1418,1812.19,-2066.19,M1419,0.0,0.0,0,0
445,PAYMENT,4621.57,C1419,3404.6,-1216.97,M1420,0.0,0.0,0,0
446,PAYMENT,4384.36,C1420,5305.31,920.95,M1421,0.0,0.0,0,0
447,PAYMENT,1196.18,C1421,7012.02,5815.84,M1422,0.0,0.0,0,0
448,PAYMENT,3024.88,C1422,6359.99,3335.11,M1423,0.0,0.0,0,0
449,PAYMENT,4295.57,C1423,6869.4,2573.83,M1424,0.0,0.0,0,0
450,PAYMENT,2001.74,C1424,6580.55,4578.81,M1425,0.0,0.0,0,0
451,PAYMENT,3671.2,C1425,2328.39,-1342.81,M1426,0.0,0.0,0,0
452,PAYMENT,1969.89,C1426,3872.34,1902.45,M1427,0.0,0.0,0,0
453,PAYMENT,2174.41,C1427,5739.37,3564.96,M1428,0.0,0.0,0,0
454,PAYMENT,3280.14,C1428,8545.07,5264.93,M1429,0.0,0.0,0,0
455,PAYMENT,3635.41,C1429,1574.74,-2060.67,M1430,0.0,0.0,0,0
456,PAYMENT,149.24,C1430,2117.36,1968.12,M1431,0.0,0.0,0,0
457,PAYMENT,3429.84,C1431,6995.96,3566.12,M1432,0.0,0.0,0,0
458,PAYMENT,4509.83,C1432,1522.38,-2987.45,M1433,0.0,0.0,0,0
459,PAYMENT,4414.42,C1433,9189.74,4775.32,M1434,0.0,0.0,0,0
460,PAYMENT,4967.53,C1434,6354.91,1387.38,M1435,0.0,0.0,0,0
461,PAYMENT,3807.12,C1435,8097.33,4290.21,M1436,0.0,0.0,0,0
462,PAYMENT,464.29,C1436,7445.43,6981.14,M1437,0.0,0.0,0,0
463,PAYMENT,186.95,C1437,9358.28,9171.33,M1438,0.0,0.0,0,0
464,PAYMENT,2018.31,C1438,9722.6,7704.29,M1439,0.0,0.0,0,0
465,PAYMENT,2861.26,C1439,5359.26,2498.0,M1440,0.0,0.0,0,0
466,PAYMENT,1393.11,C1440,6306.52,4913.41,M1441,0.0,0.0,0,0
467,PAYMENT,1917.09,C1441,7638.93,5721.84,M1442,0.0,0.0,0,0
468,PAYMENT,4033.07,C1442,1413.0,-2620.07,M1443,0.0,0.0,0,0
469,PAYMENT,3706.92,C1443,9073.91,5366.99,M1444,0.0,0.0,0,0
470,PAYMENT,3797.87,C1444,4352.14,554.27,M1445,0.0,0.0,0,0
471,PAYMENT,2373.94,C1445,6507.65,4133.71,M1446,0.0,0.0,0,0
472,PAYMENT,1653.17,C1446,6405.26,4752.09,M1447,0.0,0.0,0,0
473,PAYMENT,3481.24,C1447,5896.54,2415.3,M1448,0.0,0.0,0,0
474,PAYMENT,941.77,C1448,5429.27,4487.5,M1449,0.0,0.0,0,0
475,PAYMENT,3189.98,C1449,7593.97,4403.99,M1450,0.0,0.0,0,0
476,PAYMENT,4079.82,C1450,4159.92,80.1,M1451,0.0,0.0,0,0
477,PAYMENT,3778.93,C1451,4789.67,1010.74,M1452,0.0,0.0,0,0
478,PAYMENT,1194.7,C1452,5236.0,4041.3,M1453,0.0,0.0,0,0
479,PAYMENT,4021.65,C1453,3348.78,-672.87,M1454,0.0,0.0,0,0
480,PAYMENT,1600.68,C1454,3196.6,1595.92,M1455,0.0,0.0,0,0
481,PAYMENT,3296.74,C1455,9349.36,6052.62,M1456,0.0,0.0,0,0
482,PAYMENT,182.91,C1456,8837.34,8654.43,M1457,0.0,0.0,0,0
483,PAYMENT,2405.49,C1457,4299.77,1894.28,M1458,0.0,0.0,0,0
484,PAYMENT,175.38,C1458,4655.26,4479.88,M1459,0.0,0.0,0,0
485,PAYMENT,1388.81,C1459,3841.5,2452.69,M1460,0.0,0.0,0,0
486,PAYMENT,1645.9,C1460,5591.36,3945.46,M1461,0.0,0.0,0,0
487,PAYMENT,2148.75,C1461,6198.75,4050.0,M1462,0.0,0.0,0,0
488,PAYMENT,333.39,C1462,9512.22,9178.83,M1463,0.0,0.0,0,0
489,PAYMENT,237.55,C1463,4082.53,3844.98,M1464,0.0,0.0,0,0
490,PAYMENT,2785.7,C1464,3986.92,1201.22,M1465,0.0,0.0,0,0
491,PAYMENT,473.01,C1465,2711.14,2238.13,M1466,0.0,0.0,0,0
492,PAYMENT,3696.76,C1466,3695.4,-1.36,M1467,0.0,0.0,0,0
493,PAYMENT,519.26,C1467,2426.29,1907.03,M1468,0.0,0.0,0,0
494,PAYMENT,4098.78,C1468,7480.22,3381.44,M1469,0.0,0.0,0,0
495,PAYMENT,3629.56,C1469,2517.06,-1112.5,M1470,0.0,0.0,0,0
496,PAYMENT,874.76,C1470,9837.73,8962.97,M1471,0.0,0.0,0,0
497,PAYMENT,1086.67,C1471,3346.08,2259.41,M1472,0.0,0.0,0,0
498,PAYMENT,1530.01,C1472,4630.22,3100.21,M1473,0.0,0.0,0,0
499,PAYMENT,938.3,C1473,6270.86,5332.56,M1474,0.0,0.0,0,0
500,PAYMENT,1234.95,C1474,6457.93,5222.98,M1475,0.0,0.0,0,0
501,PAYMENT,1069.58,C1475,1150.47,80.89,M1476,0.0,0.0,0,0
502,PAYMENT,4683.55,C1476,2838.22,-1845.33,M1477,0.0,0.0,0,0
503,PAYMENT,3810.38,C1477,4362.63,552.25,M1478,0.0,0.0,0,0
504,PAYMENT,2825.38,C1478,4386.69,1561.31,M1479,0.0,0.0,0,0
505,PAYMENT,3640.86,C1479,3035.42,-605.44,M1480,0.0,0.0,0,0
506,PAYMENT,622.4,C1480,1287.76,665.36,M1481,0.0,0.0,0,0
507,PAYMENT,368.36,C1481,4658.17,4289.81,M1482,0.0,0.0,0,0
508,PAYMENT,1234.57,C1482,8652.82,7418.25,M1483,0.0,0.0,0,0
509,PAYMENT,4103.85,C1483,2501.0,-1602.85,M1484,0.0,0.0,0,0
510,PAYMENT,1953.95,C1484,2815.63,861.68,M1485,0.0,0.0,0,0
511,PAYMENT,2313.55,C1485,8476.34,6162.79,M1486,0.0,0.0,0,0
512,PAYMENT,1243.72,C1486,1264.75,21.03,M1487,0.0,0.0,0,0
513,PAYMENT,1438.64,C1487,7373.3,5934.66,M1488,0.0,0.0,0,0
514,PAYMENT,2918.94,C1488,2187.7,-731.24,M1489,0.0,0.0,0,0
515,PAYMENT,2251.3,C1489,6670.46,4419.16,M1490,0.0,0.0,0,0
516,PAYMENT,1616.97,C1490,7356.67,5739.7,M1491,0.0,0.0,0,0
517,PAYMENT,4245.47,C1491,2270.38,-1975.09,M1492,0.0,0.0,0,0
518,PAYMENT,3454.62,C1492,1027.81,-2426.81,M1493,0.0,0.0,0,0
519,PAYMENT,1994.78,C1493,6191.77,4196.99,M1494,0.0,0.0,0,0
520,PAYMENT,794.8,C1494,8909.81,8115.01,M1495,0.0,0.0,0,0
521,PAYMENT,1029.78,C1495,7383.8,6354.02,M1496,0.0,0.0,0,0
522,PAYMENT,3781.91,C1496,5965.68,2183.77,M1497,0.0,0.0,0,0
523,PAYMENT,3336.06,C1497,6826.36,3490.3,M1498,0.0,0.0,0,0
524,PAYMENT,1708.26,C1498,2283.73,575.47,M1499,0.0,0.0,0,0
525,PAYMENT,3638.17,C1499,1583.87,-2054.3,M1500,0.0,0.0,0,0
526,PAYMENT,2257.81,C1500,6348.39,4090.58,M1501,0.0,0.0,0,0
527,PAYMENT,2016.88,C1501,4403.21,2386.33,M1502,0.0,0.0,0,0
528,PAYMENT,1312.81,C1502,5066.75,3753.94,M1503,0.0,0.0,0,0
529,PAYMENT,2923.68,C1503,6880.83,3957.15,M1504,0.0,0.0,0,0
530,PAYMENT,1395.97,C1504,7796.26,6400.29,M1505,0.0,0.0,0,0
531,PAYMENT,1509.32,C1505,7126.98,5617.66,M1506,0.0,0.0,0,0
532,PAYMENT,4283.92,C1506,2154.48,-2129.44,M1507,0.0,0.0,0,0
533,PAYMENT,3855.31,C1507,9672.54,5817.23,M1508,0.0,0.0,0,0
534,PAYMENT,4905.98,C1508,2550.04,-2355.94,M1509,0.0,0.0,0,0
535,PAYMENT,621.98,C1509,9956.97,9334.99,M1510,0.0,0.0,0,0
536,PAYMENT,652.01,C1510,7763.18,7111.17,M1511,0.0,0.0,0,0
537,PAYMENT,4143.69,C1511,8937.93,4794.24,M1512,0.0,0.0,0,0
538,PAYMENT,3457.75,C1512,5949.45,2491.7,M1513,0.0,0.0,0,0
539,PAYMENT,1052.68,C1513,8747.56,7694.88,M1514,0.0,0.0,0,0
540,PAYMENT,4941.33,C1514,3406.42,-1534.91,M1515,0.0,0.0,0,0
541,PAYMENT,4715.59,C1515,2599.03,-2116.56,M1516,0.0,0.0,0,0
542,PAYMENT,434.99,C1516,2882.59,2447.6,M1517,0.0,0.0,0,0
543,PAYMENT,1955.45,C1517,1066.41,-889.04,M1518,0.0,0.0,0,0
544,PAYMENT,3970.8,C1518,7387.26,3416.46,M1519,0.0,0.0,0,0
545,PAYMENT,3376.89,C1519,1099.08,-2277.81,M1520,0.0,0.0,0,0
546,PAYMENT,813.55,C1520,2924.27,2110.72,M1521,0.0,0.0,0,0
547,PAYMENT,393.85,C1521,4188.0,3794.15,M1522,0.0,0.0,0,0
548,PAYMENT,123.14,C1522,8530.94,8407.8,M1523,0.0,0.0,0,0
549,PAYMENT,2732.4,C1523,6458.7,3726.3,M1524,0.0,0.0,0,0
550,PAYMENT,705.61,C1524,5272.02,4566.41,M1525,0.0,0.0,0,0
551,PAYMENT,2737.96,C1525,7366.66,4628.7,M1526,0.0,0.0,0,0
552,PAYMENT,3694.35,C1526,7781.26,4086.91,M1527,0.0,0.0,0,0
553,PAYMENT,199.38,C1527,3546.51,3347.13,M1528,0.0,0.0,0,0
554,PAYMENT,4673.93,C1528,8689.5,4015.57,M1529,0.0,0.0,0,0
555,PAYMENT,906.47,C1529,1152.49,246.02,M1530,0.0,0.0,0,0
556,PAYMENT,398.57,C1530,9958.57,9560.0,M1531,0.0,0.0,0,0
557,PAYMENT,2721.55,C1531,2365.48,-356.07,M1532,0.0,0.0,0,0
558,PAYMENT,3213.86,C1532,5664.76,2450.9,M1533,0.0,0.0,0,0
559,PAYMENT,1114.32,C1533,2420.32,1306.0,M1534,0.0,0.0,0,0
560,PAYMENT,3013.11,C1534,1862.04,-1151.07,M1535,0.0,0.0,0,0
561,PAYMENT,1332.7,C1535,1869.71,537.01,M1536,0.0,0.0,0,0
562,PAYMENT,3847.25,C1536,7795.54,3948.29,M1537,0.0,0.0,0,0
563,PAYMENT,2961.43,C1537,8398.98,5437.55,M1538,0.0,0.0,0,0
564,PAYMENT,3936.5,C1538,1550.87,-2385.63,M1539,0.0,0.0,0,0
565,PAYMENT,3519.98,C1539,3012.15,-507.83,M1540,0.0,0.0,0,0
566,PAYMENT,2540.22,C1540,9306.78,6766.56,M1541,0.0,0.0,0,0
567,PAYMENT,2869.46,C1541,3717.19,847.73,M1542,0.0,0.0,0,0
568,PAYMENT,4835.5,C1542,4051.28,-784.22,M1543,0.0,0.0,0,0
569,PAYMENT,2855.62,C1543,3064.81,209.19,M1544,0.0,0.0,0,0
570,PAYMENT,3510.67,C1544,4897.42,1386.75,M1545,0.0,0.0,0,0
571,PAYMENT,4337.31,C1545,5633.58,1296.27,M1546,0.0,0.0,0,0
572,PAYMENT,4900.28,C1546,3042.23,-1858.05,M1547,0.0,0.0,0,0
573,PAYMENT,3816.6,C1547,6093.32,2276.72,M1548,0.0,0.0,0,0
574,PAYMENT,4521.03,C1548,5793.37,1272.34,M1549,0.0,0.0,0,0
575,PAYMENT,4235.65,C1549,7387.77,3152.12,M1550,0.0,0.0,0,0
576,PAYMENT,2613.52,C1550,1590.73,-1022.79,M1551,0.0,0.0,0,0
577,PAYMENT,2023.12,C1551,9503.98,7480.86,M1552,0.0,0.0,0,0
578,PAYMENT,3342.55,C1552,6090.59,2748.04,M1553,0.0,0.0,0,0
579,PAYMENT,1831.64,C1553,9658.06,7826.42,M1554,0.0,0.0,0,0
580,PAYMENT,1939.36,C1554,2412.99,473.63,M1555,0.0,0.0,0,0
581,PAYMENT,3883.69,C1555,5091.06,1207.37,M1556,0.0,0.0,0,0
582,PAYMENT,1662.18,C1556,1350.46,-311.72,M1557,0.0,0.0,0,0
583,PAYMENT,2450.17,C1557,1197.29,-1252.88,M1558,0.0,0.0,0,0
584,PAYMENT,394.4,C1558,6269.31,5874.91,M1559,0.0,0.0,0,0
585,PAYMENT,2050.83,C1559,8901.17,6850.34,M1560,0.0,0.0,0,0
586,PAYMENT,4911.36,C1560,6117.93,1206.57,M1561,0.0,0.0,0,0
587,PAYMENT,4925.99,C1561,9646.05,4720.06,M1562,0.0,0.0,0,0
588,PAYMENT,633.53,C1562,9066.6,8433.07,M1563,0.0,0.0,0,0
589,PAYMENT,1941.04,C1563,4421.37,2480.33,M1564,0.0,0.0,0,0
590,PAYMENT,707.83,C1564,6894.72,6186.89,M1565,0.0,0.0,0,0
591,PAYMENT,3243.78,C1565,2477.61,-766.17,M1566,0.0,0.0,0,0
592,PAYMENT,1941.55,C1566,3965.35,2023.8,M1567,0.0,0.0,0,0
593,PAYMENT,2896.95,C1567,2210.38,-686.57,M1568,0.0,0.0,0,0
594,PAYMENT,912.41,C1568,7542.36,6629.95,M1569,0.0,0.0,0,0
595,PAYMENT,4924.1,C1569,9042.6,4118.5,M1570,0.0,0.0,0,0
596,PAYMENT,1854.2,C1570,4709.24,2855.04,M1571,0.0,0.0,0,0
597,PAYMENT,3399.46,C1571,3119.81,-279.65,M1572,0.0,0.0,0,0
598,PAYMENT,1479.63,C1572,7077.48,5597.85,M1573,0.0,0.0,0,0
599,PAYMENT,1976.5,C1573,5598.17,3621.67,M1574,0.0,0.0,0,0
600,PAYMENT,3614.83,C1574,6101.7,2486.87,M1575,0.0,0.0,0,0
601,PAYMENT,681.56,C1575,3446.73,2765.17,M1576,0.0,0.0,0,0
602,PAYMENT,2757.77,C1576,2653.32,-104.45,M1577,0.0,0.0,0,0
603,PAYMENT,175.54,C1577,3861.24,3685.7,M1578,0.0,0.0,0,0
604,PAYMENT,457.64,C1578,6030.67,5573.03,M1579,0.0,0.0,0,0
605,PAYMENT,3815.91,C1579,4873.08,1057.17,M1580,0.0,0.0,0,0
606,PAYMENT,4641.21,C1580,2023.09,-2618.12,M1581,0.0,0.0,0,0
607,PAYMENT,1245.67,C1581,3498.55,2252.88,M1582,0.0,0.0,0,0
608,PAYMENT,4175.17,C1582,9482.13,5306.96,M1583,0.0,0.0,0,0
609,PAYMENT,1032.73,C1583,9100.58,8067.85,M1584,0.0,0.0,0,0
610,PAYMENT,1825.8,C1584,4246.61,2420.81,M1585,0.0,0.0,0,0
611,PAYMENT,3914.11,C1585,8345.69,4431.58,M1586,0.0,0.0,0,0
612,PAYMENT,1549.46,C1586,8873.27,7323.81,M1587,0.0,0.0,0,0
613,PAYMENT,4098.95,C1587,2698.66,-1400.29,M1588,0.0,0.0,0,0
614,PAYMENT,1690.3,C1588,4618.77,2928.47,M1589,0.0,0.0,0,0
615,PAYMENT,2494.03,C1589,8215.61,5721.58,M1590,0.0,0.0,0,0
616,PAYMENT,4669.14,C1590,9637.25,4968.11,M1591,0.0,0.0,0,0
617,PAYMENT,2843.47,C1591,7529.33,4685.86,M1592,0.0,0.0,0,0
618,PAYMENT,479.11,C1592,4225.66,3746.55,M1593,0.0,0.0,0,0
619,PAYMENT,368.9,C1593,9498.75,9129.85,M1594,0.0,0.0,0,0
620,PAYMENT,1371.2,C1594,7063.06,5691.86,M1595,0.0,0.0,0,0
621,PAYMENT,4671.87,C1595,4448.15,-223.72,M1596,0.0,0.0,0,0
622,PAYMENT,3244.58,C1596,6151.37,2906.79,M1597,0.0,0.0,0,0
623,PAYMENT,3429.53,C1597,6819.13,3389.6,M1598,0.0,0.0,0,0
624,PAYMENT,4346.4,C1598,5300.46,954.06,M1599,0.0,0.0,0,0
625,PAYMENT,4320.84,C1599,3771.06,-549.78,M1600,0.0,0.0,0,0
626,PAYMENT,612.0,C1600,1438.44,826.44,M1601,0.0,0.0,0,0
627,PAYMENT,4435.31,C1601,1036.08,-3399.23,M1602,0.0,0.0,0,0
628,PAYMENT,1371.91,C1602,8747.5,7375.59,M1603,0.0,0.0,0,0
629,PAYMENT,4891.81,C1603,5627.25,735.44,M1604,0.0,0.0,0,0
630,PAYMENT,4677.72,C1604,5115.44,437.72,M1605,0.0,0.0,0,0
631,PAYMENT,4410.76,C1605,3445.4,-965.36,M1606,0.0,0.0,0,0
632,PAYMENT,1260.08,C1606,4707.54,3447.46,M1607,0.0,0.0,0,0
633,PAYMENT,3988.9,C1607,7176.74,3187.84,M1608,0.0,0.0,0,0
634,PAYMENT,1938.01,C1608,1858.17,-79.84,M1609,0.0,0.0,0,0
635,PAYMENT,3957.67,C1609,1877.32,-2080.35,M1610,0.0,0.0,0,0
636,PAYMENT,1840.97,C1610,6961.89,5120.92,M1611,0.0,0.0,0,0
637,PAYMENT,4558.7,C1611,3646.17,-912.53,M1612,0.0,0.0,0,0
638,PAYMENT,1057.11,C1612,3027.37,1970.26,M1613,0.0,0.0,0,0
639,PAYMENT,1906.41,C1613,3378.42,1472.01,M1614,0.0,0.0,0,0
640,PAYMENT,268.71,C1614,6645.59,6376.88,M1615,0.0,0.0,0,0
641,PAYMENT,308.46,C1615,4458.75,4150.29,M1616,0.0,0.0,0,0
642,PAYMENT,3042.35,C1616,5614.47,2572.12,M1617,0.0,0.0,0,0
643,PAYMENT,1785.86,C1617,1899.56,113.7,M1618,0.0,0.0,0,0
644,PAYMENT,1257.14,C1618,5182.15,3925.01,M1619,0.0,0.0,0,0
645,PAYMENT,704.34,C1619,6201.13,5496.79,M1620,0.0,0.0,0,0
646,PAYMENT,741.53,C1620,6387.44,5645.91,M1621,0.0,0.0,0,0
647,PAYMENT,1232.08,C1621,4902.4,3670.32,M1622,0.0,0.0,0,0
648,PAYMENT,1586.69,C1622,3228.95,1642.26,M1623,0.0,0.0,0,0
649,PAYMENT,1095.63,C1623,7511.22,6415.59,M1624,0.0,0.0,0,0
650,PAYMENT,383.98,C1624,2117.67,1733.69,M1625,0.0,0.0,0,0
651,PAYMENT,2337.23,C1625,2028.72,-308.51,M1626,0.0,0.0,0,0
652,PAYMENT,4866.45,C1626,8326.8,3460.35,M1627,0.0,0.0,0,0
653,PAYMENT,1129.27,C1627,7712.17,6582.9,M1628,0.0,0.0,0,0
654,PAYMENT,224.52,C1628,2405.4,2180.88,M1629,0.0,0.0,0,0
655,PAYMENT,1723.22,C1629,4182.06,2458.84,M1630,0.0,0.0,0,0
656,PAYMENT,4723.96,C1630,9090.85,4366.89,M1631,0.0,0.0,0,0
657,PAYMENT,2183.94,C1631,3573.05,1389.11,M1632,0.0,0.0,0,0
658,PAYMENT,3059.0,C1632,8686.81,5627.81,M1633,0.0,0.0,0,0
659,PAYMENT,4764.3,C1633,4956.44,192.14,M1634,0.0,0.0,0,0
660,PAYMENT,4504.51,C1634,7509.16,3004.65,M1635,0.0,0.0,0,0
661,PAYMENT,3617.59,C1635,4868.36,1250.77,M1636,0.0,0.0,0,0
662,PAYMENT,3040.85,C1636,9393.45,6352.6,M1637,0.0,0.0,0,0
663,PAYMENT,1610.38,C1637,1180.33,-430.05,M1638,0.0,0.0,0,0
664,PAYMENT,3416.14,C1638,4792.79,1376.65,M1639,0.0,0.0,0,0
665,PAYMENT,3843.96,C1639,5163.82,1319.86,M1640,0.0,0.0,0,0
666,PAYMENT,3964.42,C1640,1977.18,-1987.24,M1641,0.0,0.0,0,0
667,PAYMENT,1587.45,C1641,1307.3,-280.15,M1642,0.0,0.0,0,0
668,PAYMENT,420.45,C1642,4553.82,4133.37,M1643,0.0,0.0,0,0
669,PAYMENT,708.59,C1643,9004.31,8295.72,M1644,0.0,0.0,0,0
670,PAYMENT,445.36,C1644,7881.5,7436.14,M1645,0.0,0.0,0,0
671,PAYMENT,1986.44,C1645,7550.27,5563.83,M1646,0.0,0.0,0,0
672,PAYMENT,1696.82,C1646,2128.52,431.7,M1647,0.0,0.0,0,0
673,PAYMENT,2333.33,C1647,3429.32,1095.99,M1648,0.0,0.0,0,0
674,PAYMENT,2264.92,C1648,7652.93,5388.01,M1649,0.0,0.0,0,0
675,PAYMENT,4352.38,C1649,5927.58,1575.2,M1650,0.0,0.0,0,0
676,PAYMENT,3184.28,C1650,2221.3,-962.98,M1651,0.0,0.0,0,0
677,PAYMENT,895.99,C1651,1085.56,189.57,M1652,0.0,0.0,0,0
678,PAYMENT,675.43,C1652,2963.5,2288.07,M1653,0.0,0.0,0,0
679,PAYMENT,2067.27,C1653,4010.4,1943.13,M1654,0.0,0.0,0,0
680,PAYMENT,4502.16,C1654,3841.57,-660.59,M1655,0.0,0.0,0,0
681,PAYMENT,2853.81,C1655,7983.58,5129.77,M1656,0.0,0.0,0,0
682,PAYMENT,3122.06,C1656,6351.81,3229.75,M1657,0.0,0.0,0,0
683,PAYMENT,3024.89,C1657,5033.41,2008.52,M1658,0.0,0.0,0,0
684,PAYMENT,2500.65,C1658,4213.51,1712.86,M1659,0.0,0.0,0,0
685,PAYMENT,192.62,C1659,6097.23,5904.61,M1660,0.0,0.0,0,0
686,PAYMENT,2936.03,C1660,4143.68,1207.65,M1661,0.0,0.0,0,0
687,PAYMENT,1773.91,C1661,5777.33,4003.42,M1662,0.0,0.0,0,0
688,PAYMENT,2695.24,C1662,7053.71,4358.47,M1663,0.0,0.0,0,0
689,PAYMENT,2395.69,C1663,4330.34,1934.65,M1664,0.0,0.0,0,0
690,PAYMENT,245.52,C1664,6814.66,6569.14,M1665,0.0,0.0,0,0
691,PAYMENT,413.95,C1665,9274.71,8860.76,M1666,0.0,0.0,0,0
692,PAYMENT,4169.78,C1666,4077.65,-92.13,M1667,0.0,0.0,0,0
693,PAYMENT,4749.63,C1667,3482.41,-1267.22,M1668,0.0,0.0,0,0
694,PAYMENT,740.14,C1668,8548.92,7808.78,M1669,0.0,0.0,0,0
695,PAYMENT,2996.52,C1669,7671.85,4675.33,M1670,0.0,0.0,0,0
696,PAYMENT,4553.98,C1670,7463.85,2909.87,M1671,0.0,0.0,0,0
697,PAYMENT,1855.29,C1671,9876.92,8021.63,M1672,0.0,0.0,0,0
698,PAYMENT,4453.67,C1672,7265.69,2812.02,M1673,0.0,0.0,0,0
699,PAYMENT,3947.36,C1673,2622.33,-1325.03,M1674,0.0,0.0,0,0
700,PAYMENT,1672.88,C1674,6330.17,4657.29,M1675,0.0,0.0,0,0
701,PAYMENT,4514.74,C1675,6881.46,2366.72,M1676,0.0,0.0,0,0
702,PAYMENT,843.8,C1676,5557.54,4713.74,M1677,0.0,0.0,0,0
703,PAYMENT,1918.04,C1677,6170.08,4252.04,M1678,0.0,0.0,0,0
704,PAYMENT,2736.67,C1678,1551.02,-1185.65,M1679,0.0,0.0,0,0
705,PAYMENT,4400.17,C1679,8430.4,4030.23,M1680,0.0,0.0,0,0
706,PAYMENT,707.54,C1680,8255.46,7547.92,M1681,0.0,0.0,0,0
707,PAYMENT,4078.4,C1681,9234.89,5156.49,M1682,0.0,0.0,0,0
708,PAYMENT,458.94,C1682,1619.38,1160.44,M1683,0.0,0.0,0,0
709,PAYMENT,1684.69,C1683,7366.0,5681.31,M1684,0.0,0.0,0,0
710,PAYMENT,1978.29,C1684,2785.54,807.25,M1685,0.0,0.0,0,0
711,PAYMENT,3984.23,C1685,3581.64,-402.59,M1686,0.0,0.0,0,0
712,PAYMENT,1297.85,C1686,5624.78,4326.93,M1687,0.0,0.0,0,0
713,PAYMENT,3526.0,C1687,9377.27,5851.27,M1688,0.0,0.0,0,0
714,PAYMENT,4933.23,C1688,5224.1,290.87,M1689,0.0,0.0,0,0
715,PAYMENT,396.04,C1689,8362.58,7966.54,M1690,0.0,0.0,0,0
716,PAYMENT,3149.48,C1690,6288.84,3139.36,M1691,0.0,0.0,0,0
717,PAYMENT,2875.12,C1691,7176.83,4301.71,M1692,0.0,0.0,0,0
718,PAYMENT,807.35,C1692,9374.16,8566.81,M1693,0.0,0.0,0,0
719,PAYMENT,2893.68,C1693,3041.78,148.1,M1694,0.0,0.0,0,0
720,PAYMENT,2554.86,C1694,4467.61,1912.75,M1695,0.0,0.0,0,0
721,PAYMENT,449.04,C1695,9910.02,9460.98,M1696,0.0,0.0,0,0
722,PAYMENT,161.56,C1696,4951.64,4790.08,M1697,0.0,0.0,0,0
723,PAYMENT,4567.7,C1697,5180.28,612.58,M1698,0.0,0.0,0,0
724,PAYMENT,2295.38,C1698,7892.79,5597.41,M1699,0.0,0.0,0,0
725,PAYMENT,2032.84,C1699,7987.33,5954.49,M1700,0.0,0.0,0,0
726,PAYMENT,2783.86,C1700,2739.6,-44.26,M1701,0.0,0.0,0,0
727,PAYMENT,3969.61,C1701,2089.13,-1880.48,M1702,0.0,0.0,0,0
728,PAYMENT,4102.32,C1702,8794.43,4692.11,M1703,0.0,0.0,0,0
729,PAYMENT,830.63,C1703,8850.59,8019.96,M1704,0.0,0.0,0,0
730,PAYMENT,154.15,C1704,3879.64,3725.49,M1705,0.0,0.0,0,0
731,PAYMENT,4309.05,C1705,7138.52,2829.47,M1706,0.0,0.0,0,0
732,PAYMENT,4286.45,C1706,5597.86,1311.41,M1707,0.0,0.0,0,0
733,PAYMENT,1070.62,C1707,4711.67,3641.05,M1708,0.0,0.0,0,0
734,PAYMENT,129.69,C1708,7258.07,7128.38,M1709,0.0,0.0,0,0
735,PAYMENT,2851.57,C1709,4653.58,1802.01,M1710,0.0,0.0,0,0
736,PAYMENT,4394.73,C1710,8803.46,4408.73,M1711,0.0,0.0,0,0
737,PAYMENT,3087.41,C1711,9647.41,6560.0,M1712,0.0,0.0,0,0
738,PAYMENT,1795.0,C1712,4095.1,2300.1,M1713,0.0,0.0,0,0
739,PAYMENT,1063.85,C1713,6761.44,5697.59,M1714,0.0,0.0,0,0
740,PAYMENT,3234.11,C1714,6314.22,3080.11,M1715,0.0,0.0,0,0
741,PAYMENT,359.46,C1715,3165.12,2805.66,M1716,0.0,0.0,0,0
742,PAYMENT,4640.51,C1716,6369.6,1729.09,M1717,0.0,0.0,0,0
743,PAYMENT,3348.81,C1717,1263.41,-2085.4,M1718,0.0,0.0,0,0
744,PAYMENT,3012.99,C1718,9742.13,6729.14,M1719,0.0,0.0,0,0
745,PAYMENT,4785.84,C1719,4453.76,-332.08,M1720,0.0,0.0,0,0
746,PAYMENT,4515.0,C1720,6549.47,2034.47,M1721,0.0,0.0,0,0
747,PAYMENT,2270.09,C1721,9657.86,7387.77,M1722,0.0,0.0,0,0
748,PAYMENT,4174.08,C1722,6291.12,2117.04,M1723,0.0,0.0,0,0
749,PAYMENT,1306.92,C1723,2930.18,1623.26,M1724,0.0,0.0,0,0
750,PAYMENT,2989.1,C1724,5678.66,2689.56,M1725,0.0,0.0,0,0
751,PAYMENT,113.1,C1725,5485.23,5372.13,M1726,0.0,0.0,0,0
752,PAYMENT,701.11,C1726,1080.95,379.84,M1727,0.0,0.0,0,0
753,PAYMENT,1002.43,C1727,8062.28,7059.85,M1728,0.0,0.0,0,0
754,PAYMENT,4163.92,C1728,3669.89,-494.03,M1729,0.0,0.0,0,0
755,PAYMENT,156.96,C1729,9721.41,9564.45,M1730,0.0,0.0,0,0
756,PAYMENT,1737.64,C1730,2060.22,322.58,M1731,0.0,0.0,0,0
757,PAYMENT,4865.48,C1731,3604.84,-1260.64,M1732,0.0,0.0,0,0
758,PAYMENT,2136.04,C1732,9516.29,7380.25,M1733,0.0,0.0,0,0
759,PAYMENT,2055.31,C1733,2790.45,735.14,M1734,0.0,0.0,0,0
760,PAYMENT,4664.77,C1734,2954.17,-1710.6,M1735,0.0,0.0,0,0
761,PAYMENT,1304.76,C1735,3715.69,2410.93,M1736,0.0,0.0,0,0
762,PAYMENT,4187.85,C1736,6189.78,2001.93,M1737,0.0,0.0,0,0
763,PAYMENT,4856.56,C1737,3472.81,-1383.75,M1738,0.0,0.0,0,0
764,PAYMENT,1355.78,C1738,1099.76,-256.02,M1739,0.0,0.0,0,0
765,PAYMENT,1935.35,C1739,9496.21,7560.86,M1740,0.0,0.0,0,0
766,PAYMENT,1670.11,C1740,3478.32,1808.21,M1741,0.0,0.0,0,0
767,PAYMENT,875.68,C1741,2540.58,1664.9,M1742,0.0,0.0,0,0
768,PAYMENT,4031.84,C1742,7969.67,3937.83,M1743,0.0,0.0,0,0
769,PAYMENT,1798.01,C1743,9392.37,7594.36,M1744,0.0,0.0,0,0
770,PAYMENT,285.82,C1744,8821.6,8535.78,M1745,0.0,0.0,0,0
771,PAYMENT,202.34,C1745,6041.32,5838.98,M1746,0.0,0.0,0,0
772,PAYMENT,2621.39,C1746,7874.31,5252.92,M1747,0.0,0.0,0,0
773,PAYMENT,1223.4,C1747,5598.92,4375.52,M1748,0.0,0.0,0,0
774,PAYMENT,2726.18,C1748,6841.71,4115.53,M1749,0.0,0.0,0,0
775,PAYMENT,232.23,C1749,1173.54,941.31,M1750,0.0,0.0,0,0
776,PAYMENT,569.97,C1750,1505.87,935.9,M1751,0.0,0.0,0,0
777,PAYMENT,4361.22,C1751,5425.55,1064.33,M1752,0.0,0.0,0,0
778,PAYMENT,3323.04,C1752,1007.85,-2315.19,M1753,0.0,0.0,0,0
779,PAYMENT,2701.67,C1753,5785.83,3084.16,M1754,0.0,0.0,0,0
780,PAYMENT,1786.79,C1754,3589.92,1803.13,M1755,0.0,0.0,0,0
781,PAYMENT,2009.03,C1755,5290.03,3281.0,M1756,0.0,0.0,0,0
782,PAYMENT,1403.56,C1756,3852.59,2449.03,M1757,0.0,0.0,0,0
783,PAYMENT,3645.4,C1757,1329.12,-2316.28,M1758,0.0,0.0,0,0
784,PAYMENT,3108.28,C1758,8158.82,5050.54,M1759,0.0,0.0,0,0
785,PAYMENT,1667.7,C1759,9661.47,7993.77,M1760,0.0,0.0,0,0
786,PAYMENT,2285.38,C1760,9079.51,6794.13,M1761,0.0,0.0,0,0
787,PAYMENT,3393.95,C1761,8508.1,5114.15,M1762,0.0,0.0,0,0
788,PAYMENT,4611.47,C1762,2175.79,-2435.68,M1763,0.0,0.0,0,0
789,PAYMENT,4604.47,C1763,4066.04,-538.43,M1764,0.0,0.0,0,0
790,PAYMENT,4448.0,C1764,2553.68,-1894.32,M1765,0.0,0.0,0,0
791,PAYMENT,858.94,C1765,2934.41,2075.47,M1766,0.0,0.0,0,0
792,PAYMENT,867.16,C1766,6383.35,5516.19,M1767,0.0,0.0,0,0
793,PAYMENT,2749.68,C1767,1897.55,-852.13,M1768,0.0,0.0,0,0
794,PAYMENT,2236.58,C1768,6577.85,4341.27,M1769,0.0,0.0,0,0
795,PAYMENT,1643.51,C1769,8958.06,7314.55,M1770,0.0,0.0,0,0
796,PAYMENT,2604.1,C1770,3105.82,501.72,M1771,0.0,0.0,0,0
797,PAYMENT,3226.06,C1771,1100.9,-2125.16,M1772,0.0,0.0,0,0
798,PAYMENT,1341.38,C1772,9828.55,8487.17,M1773,0.0,0.0,0,0
799,PAYMENT,4408.73,C1773,5867.01,1458.28,M1774,0.0,0.0,0,0
800,PAYMENT,4332.11,C1774,4348.92,16.81,M1775,0.0,0.0,0,0
801,PAYMENT,2228.37,C1775,8647.13,6418.76,M1776,0.0,0.0,0,0
802,PAYMENT,4450.41,C1776,2256.63,-2193.78,M1777,0.0,0.0,0,0
803,PAYMENT,3267.3,C1777,7063.24,3795.94,M1778,0.0,0.0,0,0
804,PAYMENT,2219.45,C1778,6479.52,4260.07,M1779,0.0,0.0,0,0
805,PAYMENT,3390.16,C1779,2638.88,-751.28,M1780,0.0,0.0,0,0
806,PAYMENT,4273.4,C1780,5630.9,1357.5,M1781,0.0,0.0,0,0
807,PAYMENT,461.5,C1781,7744.41,7282.91,M1782,0.0,0.0,0,0
808,PAYMENT,2108.99,C1782,5468.45,3359.46,M1783,0.0,0.0,0,0
809,PAYMENT,3316.49,C1783,8259.7,4943.21,M1784,0.0,0.0,0,0
810,PAYMENT,3303.72,C1784,4741.94,1438.22,M1785,0.0,0.0,0,0
811,PAYMENT,4606.77,C1785,5353.02,746.25,M1786,0.0,0.0,0,0
812,PAYMENT,3466.66,C1786,2054.24,-1412.42,M1787,0.0,0.0,0,0
813,PAYMENT,2227.62,C1787,5496.29,3268.67,M1788,0.0,0.0,0,0
814,PAYMENT,2569.26,C1788,8255.01,5685.75,M1789,0.0,0.0,0,0
815,PAYMENT,4202.03,C1789,5080.59,878.56,M1790,0.0,0.0,0,0
816,PAYMENT,718.89,C1790,4701.71,3982.82,M1791,0.0,0.0,0,0
817,PAYMENT,3126.94,C1791,7870.89,4743.95,M1792,0.0,0.0,0,0
818,PAYMENT,3793.14,C1792,9145.04,5351.9,M1793,0.0,0.0,0,0
819,PAYMENT,4970.13,C1793,9925.69,4955.56,M1794,0.0,0.0,0,0
820,PAYMENT,1460.5,C1794,8604.98,7144.48,M1795,0.0,0.0,0,0
821,PAYMENT,2804.8,C1795,6320.86,3516.06,M1796,0.0,0.0,0,0
822,PAYMENT,742.32,C1796,7654.95,6912.63,M1797,0.0,0.0,0,0
823,PAYMENT,4847.22,C1797,2841.21,-2006.01,M1798,0.0,0.0,0,0
824,PAYMENT,3438.85,C1798,5631.02,2192.17,M1799,0.0,0.0,0,0
825,PAYMENT,2644.02,C1799,1398.34,-1245.68,M1800,0.0,0.0,0,0
826,PAYMENT,4223.89,C1800,3378.33,-845.56,M1801,0.0,0.0,0,0
827,PAYMENT,4149.17,C1801,4306.54,157.37,M1802,0.0,0.0,0,0
828,PAYMENT,1319.48,C1802,4660.17,3340.69,M1803,0.0,0.0,0,0
829,PAYMENT,3547.06,C1803,4683.19,1136.13,M1804,0.0,0.0,0,0
830,PAYMENT,641.67,C1804,6391.94,5750.27,M1805,0.0,0.0,0,0
831,PAYMENT,563.8,C1805,9230.07,8666.27,M1806,0.0,0.0,0,0
832,PAYMENT,3242.72,C1806,8331.81,5089.09,M1807,0.0,0.0,0,0
833,PAYMENT,1839.8,C1807,8990.48,7150.68,M1808,0.0,0.0,0,0
834,PAYMENT,4044.6,C1808,2414.22,-1630.38,M1809,0.0,0.0,0,0
835,PAYMENT,334.97,C1809,4671.27,4336.3,M1810,0.0,0.0,0,0
836,PAYMENT,1263.82,C1810,1948.63,684.81,M1811,0.0,0.0,0,0
837,PAYMENT,3081.0,C1811,1128.55,-1952.45,M1812,0.0,0.0,0,0
838,PAYMENT,2525.07,C1812,4947.3,2422.23,M1813,0.0,0.0,0,0
839,PAYMENT,3223.73,C1813,7784.17,4560.44,M1814,0.0,0.0,0,0
840,PAYMENT,3664.76,C1814,6415.45,2750.69,M1815,0.0,0.0,0,0
841,PAYMENT,4682.69,C1815,1645.68,-3037.01,M1816,0.0,0.0,0,0
842,PAYMENT,4430.95,C1816,1624.06,-2806.89,M1817,0.0,0.0,0,0
843,PAYMENT,1266.71,C1817,5168.43,3901.72,M1818,0.0,0.0,0,0
844,PAYMENT,1289.93,C1818,5360.08,4070.15,M1819,0.0,0.0,0,0
845,PAYMENT,3296.17,C1819,3491.6,195.43,M1820,0.0,0.0,0,0
846,PAYMENT,3658.24,C1820,7265.35,3607.11,M1821,0.0,0.0,0,0
847,PAYMENT,4000.51,C1821,1006.34,-2994.17,M1822,0.0,0.0,0,0
848,PAYMENT,3367.85,C1822,3756.19,388.34,M1823,0.0,0.0,0,0
849,PAYMENT,4875.69,C1823,6202.2,1326.51,M1824,0.0,0.0,0,0
850,PAYMENT,1929.86,C1824,1265.96,-663.9,M1825,0.0,0.0,0,0
851,PAYMENT,277.64,C1825,4746.94,4469.3,M1826,0.0,0.0,0,0
852,PAYMENT,766.49,C1826,9654.76,8888.27,M1827,0.0,0.0,0,0
853,PAYMENT,1389.08,C1827,7488.22,6099.14,M1828,0.0,0.0,0,0
854,PAYMENT,1186.47,C1828,4393.5,3207.03,M1829,0.0,0.0,0,0
855,PAYMENT,2074.22,C1829,9182.32,7108.1,M1830,0.0,0.0,0,0
856,PAYMENT,2052.3,C1830,6198.65,4146.35,M1831,0.0,0.0,0,0
857,PAYMENT,2782.13,C1831,2818.12,35.99,M1832,0.0,0.0,0,0
858,PAYMENT,2489.52,C1832,5265.2,2775.68,M1833,0.0,0.0,0,0
859,PAYMENT,846.32,C1833,1176.03,329.71,M1834,0.0,0.0,0,0
860,PAYMENT,4162.84,C1834,3226.37,-936.47,M1835,0.0,0.0,0,0
861,PAYMENT,1575.08,C1835,8975.3,7400.22,M1836,0.0,0.0,0,0
862,PAYMENT,2852.09,C1836,2353.0,-499.09,M1837,0.0,0.0,0,0
863,PAYMENT,2039.77,C1837,1940.22,-99.55,M1838,0.0,0.0,0,0
864,PAYMENT,572.13,C1838,2426.07,1853.94,M1839,0.0,0.0,0,0
865,PAYMENT,2506.57,C1839,8079.52,5572.95,M1840,0.0,0.0,0,0
866,PAYMENT,3432.6,C1840,5493.77,2061.17,M1841,0.0,0.0,0,0
867,PAYMENT,4029.32,C1841,7784.8,3755.48,M1842,0.0,0.0,0,0
868,PAYMENT,2179.36,C1842,7100.42,4921.06,M1843,0.0,0.0,0,0
869,PAYMENT,2977.57,C1843,8527.57,5550.0,M1844,0.0,0.0,0,0
870,PAYMENT,4224.1,C1844,4392.05,167.95,M1845,0.0,0.0,0,0
871,PAYMENT,3400.52,C1845,4468.47,1067.95,M1846,0.0,0.0,0,0
872,PAYMENT,829.37,C1846,4583.01,3753.64,M1847,0.0,0.0,0,0
873,PAYMENT,4402.31,C1847,4002.85,-399.46,M1848,0.0,0.0,0,0
874,PAYMENT,4591.18,C1848,3627.65,-963.53,M1849,0.0,0.0,0,0
875,PAYMENT,3097.27,C1849,2896.59,-200.68,M1850,0.0,0.0,0,0
876,PAYMENT,2383.97,C1850,4964.16,2580.19,M1851,0.0,0.0,0,0
877,PAYMENT,1853.27,C1851,2816.8,963.53,M1852,0.0,0.0,0,0
878,PAYMENT,4225.4,C1852,4075.04,-150.36,M1853,0.0,0.0,0,0
879,PAYMENT,403.1,C1853,4332.79,3929.69,M1854,0.0,0.0,0,0
880,PAYMENT,4553.76,C1854,7761.28,3207.52,M1855,0.0,0.0,0,0
881,PAYMENT,2905.35,C1855,2876.7,-28.65,M1856,0.0,0.0,0,0
882,PAYMENT,1155.33,C1856,6661.17,5505.84,M1857,0.0,0.0,0,0
883,PAYMENT,1795.63,C1857,4208.26,2412.63,M1858,0.0,0.0,0,0
884,PAYMENT,4475.61,C1858,4921.66,446.05,M1859,0.0,0.0,0,0
885,PAYMENT,166.9,C1859,8995.02,8828.12,M1860,0.0,0.0,0,0
886,PAYMENT,3327.42,C1860,1921.12,-1406.3,M1861,0.0,0.0,0,0
887,PAYMENT,4838.02,C1861,1283.48,-3554.54,M1862,0.0,0.0,0,0
888,PAYMENT,3266.37,C1862,5904.67,2638.3,M1863,0.0,0.0,0,0
889,PAYMENT,3700.95,C1863,7452.28,3751.33,M1864,0.0,0.0,0,0
890,PAYMENT,3716.03,C1864,9733.37,6017.34,M1865,0.0,0.0,0,0
891,PAYMENT,2567.46,C1865,5442.48,2875.02,M1866,0.0,0.0,0,0
892,PAYMENT,3963.01,C1866,5721.75,1758.74,M1867,0.0,0.0,0,0
893,PAYMENT,3635.83,C1867,7831.85,4196.02,M1868,0.0,0.0,0,0
894,PAYMENT,3027.03,C1868,3915.58,888.55,M1869,0.0,0.0,0,0
895,PAYMENT,4280.86,C1869,1064.0,-3216.86,M1870,0.0,0.0,0,0
896,PAYMENT,3044.29,C1870,9785.87,6741.58,M1871,0.0,0.0,0,0
897,PAYMENT,732.97,C1871,7220.41,6487.44,M1872,0.0,0.0,0,0
898,PAYMENT,855.34,C1872,4275.45,3420.11,M1873,0.0,0.0,0,0
899,PAYMENT,2741.09,C1873,6750.02,4008.93,M1874,0.0,0.0,0,0
900,PAYMENT,4587.33,C1874,8460.51,3873.18,M1875,0.0,0.0,0,0
901,PAYMENT,1302.96,C1875,1428.9,125.94,M1876,0.0,0.0,0,0
902,PAYMENT,565.81,C1876,7566.55,7000.74,M1877,0.0,0.0,0,0
903,PAYMENT,1990.52,C1877,9398.14,7407.62,M1878,0.0,0.0,0,0
904,PAYMENT,854.49,C1878,1965.06,1110.57,M1879,0.0,0.0,0,0
905,PAYMENT,627.47,C1879,6140.41,5512.94,M1880,0.0,0.0,0,0
906,PAYMENT,2969.44,C1880,4162.65,1193.21,M1881,0.0,0.0,0,0
907,PAYMENT,338.68,C1881,2504.71,2166.03,M1882,0.0,0.0,0,0
908,PAYMENT,2267.95,C1882,4921.25,2653.3,M1883,0.0,0.0,0,0
909,PAYMENT,957.85,C1883,4705.21,3747.36,M1884,0.0,0.0,0,0
910,PAYMENT,415.92,C1884,1071.65,655.73,M1885,0.0,0.0,0,0
911,PAYMENT,3029.54,C1885,1014.1,-2015.44,M1886,0.0,0.0,0,0
912,PAYMENT,4673.66,C1886,3018.43,-1655.23,M1887,0.0,0.0,0,0
913,PAYMENT,1321.8,C1887,7921.59,6599.79,M1888,0.0,0.0,0,0
914,PAYMENT,590.2,C1888,3217.88,2627.68,M1889,0.0,0.0,0,0
915,PAYMENT,2939.22,C1889,5157.39,2218.17,M1890,0.0,0.0,0,0
916,PAYMENT,1025.28,C1890,3194.67,2169.39,M1891,0.0,0.0,0,0
917,PAYMENT,2329.34,C1891,9781.9,7452.56,M1892,0.0,0.0,0,0
918,PAYMENT,1452.15,C1892,2134.31,682.16,M1893,0.0,0.0,0,0
919,PAYMENT,4676.32,C1893,7933.67,3257.35,M1894,0.0,0.0,0,0
920,PAYMENT,4936.75,C1894,9458.98,4522.23,M1895,0.0,0.0,0,0
921,PAYMENT,3253.15,C1895,3657.11,403.96,M1896,0.0,0.0,0,0
922,PAYMENT,1334.92,C1896,1768.19,433.27,M1897,0.0,0.0,0,0
923,PAYMENT,4818.44,C1897,6536.22,1717.78,M1898,0.0,0.0,0,0
924,PAYMENT,2281.43,C1898,5163.81,2882.38,M1899,0.0,0.0,0,0
925,PAYMENT,4378.36,C1899,4400.99,22.63,M1900,0.0,0.0,0,0
926,PAYMENT,4923.99,C1900,3103.76,-1820.23,M1901,0.0,0.0,0,0
927,PAYMENT,4702.99,C1901,6595.11,1892.12,M1902,0.0,0.0,0,0
928,PAYMENT,1838.19,C1902,6871.82,5033.63,M1903,0.0,0.0,0,0
929,PAYMENT,864.39,C1903,5737.07,4872.68,M1904,0.0,0.0,0,0
930,PAYMENT,4475.19,C1904,3080.06,-1395.13,M1905,0.0,0.0,0,0
931,PAYMENT,2194.77,C1905,1706.97,-487.8,M1906,0.0,0.0,0,0
932,PAYMENT,584.06,C1906,5229.13,4645.07,M1907,0.0,0.0,0,0
933,PAYMENT,680.94,C1907,1590.96,910.02,M1908,0.0,0.0,0,0
934,PAYMENT,849.75,C1908,5464.14,4614.39,M1909,0.0,0.0,0,0
935,PAYMENT,4811.31,C1909,4653.56,-157.75,M1910,0.0,0.0,0,0
936,PAYMENT,951.61,C1910,8514.24,7562.63,M1911,0.0,0.0,0,0
937,PAYMENT,268.23,C1911,6448.59,6180.36,M1912,0.0,0.0,0,0
938,PAYMENT,1021.13,C1912,3606.22,2585.09,M1913,0.0,0.0,0,0
939,PAYMENT,1033.24,C1913,3194.85,2161.61,M1914,0.0,0.0,0,0
940,PAYMENT,3788.06,C1914,6096.49,2308.43,M1915,0.0,0.0,0,0
941,PAYMENT,429.84,C1915,1906.54,1476.7,M1916,0.0,0.0,0,0
942,PAYMENT,1685.62,C1916,4128.21,2442.59,M1917,0.0,0.0,0,0
943,PAYMENT,566.59,C1917,3281.15,2714.56,M1918,0.0,0.0,0,0
944,PAYMENT,4809.81,C1918,4905.2,95.39,M1919,0.0,0.0,0,0
945,PAYMENT,4119.24,C1919,9999.03,5879.79,M1920,0.0,0.0,0,0
946,PAYMENT,1330.01,C1920,9988.29,8658.28,M1921,0.0,0.0,0,0
947,PAYMENT,1174.09,C1921,8692.96,7518.87,M1922,0.0,0.0,0,0
948,PAYMENT,3565.7,C1922,9312.94,5747.24,M1923,0.0,0.0,0,0
949,PAYMENT,1935.24,C1923,2523.3,588.06,M1924,0.0,0.0,0,0
950,PAYMENT,3806.0,C1924,2794.63,-1011.37,M1925,0.0,0.0,0,0
951,PAYMENT,2183.08,C1925,3151.86,968.78,M1926,0.0,0.0,0,0
952,PAYMENT,402.1,C1926,7653.76,7251.66,M1927,0.0,0.0,0,0
953,PAYMENT,4727.39,C1927,3479.25,-1248.14,M1928,0.0,0.0,0,0
954,PAYMENT,1576.76,C1928,7941.66,6364.9,M1929,0.0,0.0,0,0
955,PAYMENT,2582.46,C1929,3969.45,1386.99,M1930,0.0,0.0,0,0
956,PAYMENT,2975.27,C1930,3577.89,602.62,M1931,0.0,0.0,0,0
957,PAYMENT,2475.91,C1931,4149.13,1673.22,M1932,0.0,0.0,0,0
958,PAYMENT,2290.78,C1932,7237.81,4947.03,M1933,0.0,0.0,0,0
959,PAYMENT,2479.7,C1933,6563.72,4084.02,M1934,0.0,0.0,0,0
960,PAYMENT,921.96,C1934,1699.48,777.52,M1935,0.0,0.0,0,0
961,PAYMENT,3487.07,C1935,4919.61,1432.54,M1936,0.0,0.0,0,0
962,PAYMENT,2162.84,C1936,3667.12,1504.28,M1937,0.0,0.0,0,0
963,PAYMENT,2300.15,C1937,9551.28,7251.13,M1938,0.0,0.0,0,0
964,PAYMENT,3176.11,C1938,8197.65,5021.54,M1939,0.0,0.0,0,0
965,PAYMENT,2779.69,C1939,9283.79,6504.1,M1940,0.0,0.0,0,0
966,PAYMENT,493.92,C1940,1597.19,1103.27,M1941,0.0,0.0,0,0
967,PAYMENT,564.9,C1941,1773.48,1208.58,M1942,0.0,0.0,0,0
968,PAYMENT,2224.86,C1942,1279.31,-945.55,M1943,0.0,0.0,0,0
969,PAYMENT,425.63,C1943,3646.04,3220.41,M1944,0.0,0.0,0,0
970,PAYMENT,4543.6,C1944,8711.31,4167.71,M1945,0.0,0.0,0,0
971,PAYMENT,4637.65,C1945,7411.51,2773.86,M1946,0.0,0.0,0,0
972,PAYMENT,4827.12,C1946,2087.71,-2739.41,M1947,0.0,0.0,0,0
973,PAYMENT,137.29,C1947,2790.47,2653.18,M1948,0.0,0.0,0,0
974,PAYMENT,615.59,C1948,8384.46,7768.87,M1949,0.0,0.0,0,0
975,PAYMENT,2587.85,C1949,8135.25,5547.4,M1950,0.0,0.0,0,0
976,PAYMENT,4180.5,C1950,3288.9,-891.6,M1951,0.0,0.0,0,0
977,PAYMENT,397.63,C1951,4431.12,4033.49,M1952,0.0,0.0,0,0
978,PAYMENT,4334.44,C1952,7098.66,2764.22,M1953,0.0,0.0,0,0
979,PAYMENT,343.35,C1953,3811.79,3468.44,M1954,0.0,0.0,0,0
980,PAYMENT,1212.72,C1954,5687.46,4474.74,M1955,0.0,0.0,0,0
981,PAYMENT,2460.31,C1955,8488.06,6027.75,M1956,0.0,0.0,0,0
982,PAYMENT,911.88,C1956,1151.37,239.49,M1957,0.0,0.0,0,0
983,PAYMENT,3275.18,C1957,3682.44,407.26,M1958,0.0,0.0,0,0
984,PAYMENT,4524.22,C1958,9134.91,4610.69,M1959,0.0,0.0,0,0
985,PAYMENT,4946.69,C1959,6130.13,1183.44,M1960,0.0,0.0,0,0
986,PAYMENT,4608.52,C1960,2019.21,-2589.31,M1961,0.0,0.0,0,0
987,PAYMENT,4637.78,C1961,2620.75,-2017.03,M1962,0.0,0.0,0,0
988,PAYMENT,547.03,C1962,1497.12,950.09,M1963,0.0,0.0,0,0
989,PAYMENT,4615.93,C1963,2472.81,-2143.12,M1964,0.0,0.0,0,0
990,PAYMENT,2633.4,C1964,2609.37,-24.03,M1965,0.0,0.0,0,0
991,PAYMENT,3536.6,C1965,7576.33,4039.73,M1966,0.0,0.0,0,0
992,PAYMENT,1507.75,C1966,4995.07,3487.32,M1967,0.0,0.0,0,0
993,PAYMENT,3319.13,C1967,8956.55,5637.42,M1968,0.0,0.0,0,0
994,PAYMENT,4753.14,C1968,4519.43,-233.71,M1969,0.0,0.0,0,0
995,PAYMENT,701.64,C1969,6241.31,5539.67,M1970,0.0,0.0,0,0
996,PAYMENT,4076.37,C1970,4180.93,104.56,M1971,0.0,0.0,0,0
997,PAYMENT,1560.21,C1971,9293.5,7733.29,M1972,0.0,0.0,0,0
998,PAYMENT,4503.89,C1972,3246.4,-1257.49,M1973,0.0,0.0,0,0
999,PAYMENT,225.08,C1973,4582.96,4357.88,M1974,0.0,0.0,0,0
1000,PAYMENT,3496.97,C1974,4296.17,799.2,M1975,0.0,0.0,0,0
